/*
 Navicat Premium Data Transfer

 Source Server         : gz-mysql8.0
 Source Server Type    : MySQL
 Source Server Version : 80032
 Source Host           : 192.168.1.247:3339
 Source Schema         : GY-EP_local

 Target Server Type    : MySQL
 Target Server Version : 80032
 File Encoding         : 65001

 Date: 18/04/2025 09:14:04
*/

SET NAMES utf8mb4;
SET FOREIGN_KEY_CHECKS = 0;

-- ----------------------------
-- Table structure for biz_demo
-- ----------------------------
DROP TABLE IF EXISTS `biz_demo`;
CREATE TABLE `biz_demo` (
  `id` int NOT NULL AUTO_INCREMENT COMMENT 'ID主键',
  `person_name` varchar(16) CHARACTER SET utf8mb4 COLLATE utf8mb4_general_ci DEFAULT NULL COMMENT '姓名',
  `person_age` int DEFAULT NULL COMMENT '年龄',
  `email` varchar(32) CHARACTER SET utf8mb4 COLLATE utf8mb4_general_ci DEFAULT NULL COMMENT '邮箱',
  `del_flag` char(1) CHARACTER SET utf8mb4 COLLATE utf8mb4_general_ci DEFAULT '0' COMMENT '删除标志，0=存在；1=删除；',
  `create_name` varchar(64) CHARACTER SET utf8mb4 COLLATE utf8mb4_general_ci DEFAULT NULL COMMENT '创建人姓名',
  `create_by` bigint DEFAULT NULL COMMENT '创建人',
  `create_time` datetime DEFAULT CURRENT_TIMESTAMP COMMENT '创建时间',
  `update_name` varchar(64) CHARACTER SET utf8mb4 COLLATE utf8mb4_general_ci DEFAULT NULL COMMENT '更新人姓名',
  `update_by` bigint DEFAULT NULL COMMENT '更新人',
  `update_time` datetime DEFAULT NULL ON UPDATE CURRENT_TIMESTAMP COMMENT '更新时间',
  PRIMARY KEY (`id`) USING BTREE
) ENGINE=InnoDB AUTO_INCREMENT=8 DEFAULT CHARSET=utf8mb4 COLLATE=utf8mb4_general_ci COMMENT='Demo表';

-- ----------------------------
-- Records of biz_demo
-- ----------------------------
BEGIN;
INSERT INTO `biz_demo` VALUES (1, '小明88', 7, 't.wwuwt@qq.com', '0', NULL, NULL, '2025-04-08 16:03:03', NULL, NULL, '2025-04-08 16:03:03');
INSERT INTO `biz_demo` VALUES (2, '小红', 82, 'xiaoh@126.com', '0', NULL, NULL, '2025-04-08 16:03:03', NULL, NULL, '2025-04-08 16:03:03');
INSERT INTO `biz_demo` VALUES (4, '小张2', 29, 'g.dhgkr@qq.com', '0', NULL, NULL, '2025-04-08 16:03:03', NULL, NULL, '2025-04-08 16:03:03');
INSERT INTO `biz_demo` VALUES (5, '小张3', 29, 'g.dhgkr@qq.com', '0', 'admin', 1, '2025-04-08 16:47:11', NULL, NULL, '2025-04-08 16:47:10');
INSERT INTO `biz_demo` VALUES (6, '小张4', 82, 'g.dhgkr@qq.com', '0', 'admin', 1, '2025-04-08 16:50:29', 'admin', 1, '2025-04-08 16:50:53');
INSERT INTO `biz_demo` VALUES (7, '小张5', 66, 'g.dhgkr@qq.com', '0', '访客', 0, '2025-04-08 17:02:08', 'visitor', 0, '2025-04-08 17:59:59');
COMMIT;

-- ----------------------------
-- Table structure for biz_demo2
-- ----------------------------
DROP TABLE IF EXISTS `biz_demo2`;
CREATE TABLE `biz_demo2` (
  `id` int NOT NULL AUTO_INCREMENT COMMENT 'ID主键',
  `person_name` varchar(16) CHARACTER SET utf8mb4 COLLATE utf8mb4_general_ci DEFAULT NULL COMMENT '姓名',
  `person_age` int DEFAULT NULL COMMENT '年龄',
  `email` varchar(32) CHARACTER SET utf8mb4 COLLATE utf8mb4_general_ci DEFAULT NULL COMMENT '邮箱',
  `del_flag` char(1) CHARACTER SET utf8mb4 COLLATE utf8mb4_general_ci DEFAULT '0' COMMENT '删除标志，0=存在；1=删除；',
  `create_name` varchar(64) CHARACTER SET utf8mb4 COLLATE utf8mb4_general_ci DEFAULT NULL COMMENT '创建人姓名',
  `create_by` bigint DEFAULT NULL COMMENT '创建人',
  `create_time` datetime DEFAULT CURRENT_TIMESTAMP COMMENT '创建时间',
  `update_name` varchar(64) CHARACTER SET utf8mb4 COLLATE utf8mb4_general_ci DEFAULT NULL COMMENT '更新人姓名',
  `update_by` bigint DEFAULT NULL COMMENT '更新人',
  `update_time` datetime DEFAULT NULL ON UPDATE CURRENT_TIMESTAMP COMMENT '更新时间',
  PRIMARY KEY (`id`) USING BTREE
) ENGINE=InnoDB AUTO_INCREMENT=8 DEFAULT CHARSET=utf8mb4 COLLATE=utf8mb4_general_ci COMMENT='Demo表';

-- ----------------------------
-- Records of biz_demo2
-- ----------------------------
BEGIN;
INSERT INTO `biz_demo2` VALUES (1, '小明88', 7, 't.wwuwt@qq.com', '0', NULL, NULL, '2025-04-08 16:03:03', NULL, NULL, '2025-04-08 16:03:03');
INSERT INTO `biz_demo2` VALUES (2, '小红', 82, 'xiaoh@126.com', '0', NULL, NULL, '2025-04-08 16:03:03', NULL, NULL, '2025-04-08 16:03:03');
INSERT INTO `biz_demo2` VALUES (4, '小张2', 29, 'g.dhgkr@qq.com', '0', NULL, NULL, '2025-04-08 16:03:03', NULL, NULL, '2025-04-08 16:03:03');
INSERT INTO `biz_demo2` VALUES (5, '小张3', 29, 'g.dhgkr@qq.com', '0', 'admin', 1, '2025-04-08 16:47:11', NULL, NULL, '2025-04-08 16:47:10');
INSERT INTO `biz_demo2` VALUES (6, '小张4', 82, 'g.dhgkr@qq.com', '0', 'admin', 1, '2025-04-08 16:50:29', 'admin', 1, '2025-04-08 16:50:53');
INSERT INTO `biz_demo2` VALUES (7, '小张5', 66, 'g.dhgkr@qq.com', '0', '访客', 0, '2025-04-08 17:02:08', 'visitor', 0, '2025-04-08 17:59:59');
COMMIT;

-- ----------------------------
-- Table structure for biz_demo_relation
-- ----------------------------
DROP TABLE IF EXISTS `biz_demo_relation`;
CREATE TABLE `biz_demo_relation` (
  `id` int NOT NULL AUTO_INCREMENT COMMENT 'ID主键',
  `demo_id` int DEFAULT NULL COMMENT 'demo表ID',
  `sub_name` varchar(32) COLLATE utf8mb4_general_ci DEFAULT NULL COMMENT '关联名称',
  `del_flag` char(1) CHARACTER SET utf8mb4 COLLATE utf8mb4_general_ci DEFAULT '0' COMMENT '删除标志，0=存在；1=删除；',
  `create_by` varchar(32) CHARACTER SET utf8mb4 COLLATE utf8mb4_general_ci DEFAULT '' COMMENT '创建者',
  `create_time` datetime DEFAULT CURRENT_TIMESTAMP COMMENT '创建时间',
  `update_by` varchar(32) CHARACTER SET utf8mb4 COLLATE utf8mb4_general_ci DEFAULT '' COMMENT '更新者',
  `update_time` datetime DEFAULT CURRENT_TIMESTAMP ON UPDATE CURRENT_TIMESTAMP COMMENT '更新时间',
  PRIMARY KEY (`id`) USING BTREE
) ENGINE=InnoDB AUTO_INCREMENT=7 DEFAULT CHARSET=utf8mb4 COLLATE=utf8mb4_general_ci COMMENT='Demo关联表';

-- ----------------------------
-- Records of biz_demo_relation
-- ----------------------------
BEGIN;
INSERT INTO `biz_demo_relation` VALUES (5, 1, '小明-语文', '0', '', '2024-05-13 10:15:49', '', '2024-05-13 10:15:49');
INSERT INTO `biz_demo_relation` VALUES (6, 2, '小明-数学', '0', '', '2024-05-13 10:16:02', '', '2024-05-13 10:16:02');
COMMIT;

-- ----------------------------
-- Table structure for gen_table
-- ----------------------------
DROP TABLE IF EXISTS `gen_table`;
CREATE TABLE `gen_table` (
  `table_id` bigint NOT NULL AUTO_INCREMENT COMMENT '编号',
  `table_name` varchar(200) CHARACTER SET utf8mb4 COLLATE utf8mb4_general_ci DEFAULT '' COMMENT '表名称',
  `table_comment` varchar(500) CHARACTER SET utf8mb4 COLLATE utf8mb4_general_ci DEFAULT '' COMMENT '表描述',
  `sub_table_name` varchar(64) CHARACTER SET utf8mb4 COLLATE utf8mb4_general_ci DEFAULT NULL COMMENT '关联子表的表名',
  `sub_table_fk_name` varchar(64) CHARACTER SET utf8mb4 COLLATE utf8mb4_general_ci DEFAULT NULL COMMENT '子表关联的外键名',
  `class_name` varchar(100) CHARACTER SET utf8mb4 COLLATE utf8mb4_general_ci DEFAULT '' COMMENT '实体类名称',
  `tpl_category` varchar(200) CHARACTER SET utf8mb4 COLLATE utf8mb4_general_ci DEFAULT 'crud' COMMENT '使用的模板（crud单表操作 tree树表操作）',
  `tpl_web_type` varchar(30) CHARACTER SET utf8mb4 COLLATE utf8mb4_general_ci DEFAULT '' COMMENT '前端模板类型（element-ui模版 element-plus模版）',
  `package_name` varchar(100) CHARACTER SET utf8mb4 COLLATE utf8mb4_general_ci DEFAULT NULL COMMENT '生成包路径',
  `module_name` varchar(30) CHARACTER SET utf8mb4 COLLATE utf8mb4_general_ci DEFAULT NULL COMMENT '生成模块名',
  `business_name` varchar(30) CHARACTER SET utf8mb4 COLLATE utf8mb4_general_ci DEFAULT NULL COMMENT '生成业务名',
  `function_name` varchar(50) CHARACTER SET utf8mb4 COLLATE utf8mb4_general_ci DEFAULT NULL COMMENT '生成功能名',
  `function_author` varchar(50) CHARACTER SET utf8mb4 COLLATE utf8mb4_general_ci DEFAULT NULL COMMENT '生成功能作者',
  `gen_type` char(1) CHARACTER SET utf8mb4 COLLATE utf8mb4_general_ci DEFAULT '0' COMMENT '生成代码方式（0zip压缩包 1自定义路径）',
  `gen_path` varchar(200) CHARACTER SET utf8mb4 COLLATE utf8mb4_general_ci DEFAULT '/' COMMENT '生成路径（不填默认项目路径）',
  `options` varchar(1000) CHARACTER SET utf8mb4 COLLATE utf8mb4_general_ci DEFAULT NULL COMMENT '其它生成选项',
  `create_by` varchar(64) CHARACTER SET utf8mb4 COLLATE utf8mb4_general_ci DEFAULT '' COMMENT '创建者',
  `create_time` datetime DEFAULT NULL COMMENT '创建时间',
  `update_by` varchar(64) CHARACTER SET utf8mb4 COLLATE utf8mb4_general_ci DEFAULT '' COMMENT '更新者',
  `update_time` datetime DEFAULT NULL COMMENT '更新时间',
  `remark` varchar(500) CHARACTER SET utf8mb4 COLLATE utf8mb4_general_ci DEFAULT NULL COMMENT '备注',
  PRIMARY KEY (`table_id`) USING BTREE
) ENGINE=InnoDB AUTO_INCREMENT=11 DEFAULT CHARSET=utf8mb4 COLLATE=utf8mb4_general_ci COMMENT='代码生成业务表';

-- ----------------------------
-- Records of gen_table
-- ----------------------------
BEGIN;
INSERT INTO `gen_table` VALUES (2, 'biz_demo', 'Demo表', NULL, NULL, 'BizDemo', 'crud', '', 'com.gz.biz', 'biz', 'demo', 'Demo', 'gz', '0', '/', NULL, 'admin', '2024-04-29 10:16:03', '', NULL, NULL);
INSERT INTO `gen_table` VALUES (3, 'sys_notice', '通知公告表', NULL, NULL, 'SysNotice', 'crud', '', 'com.gz.biz', 'biz', 'notice', '通知公告', 'gz', '0', '/', NULL, 'admin', '2024-04-29 10:25:24', '', NULL, NULL);
INSERT INTO `gen_table` VALUES (4, 'sys_config', '参数配置表', NULL, NULL, 'SysConfig', 'crud', '', 'com.gz.biz', 'biz', 'config', '参数配置', 'gz', '0', '/', NULL, 'admin', '2024-04-29 10:28:39', '', NULL, NULL);
INSERT INTO `gen_table` VALUES (5, 'biz_demo_ralation', 'Demo关联表', NULL, NULL, 'BizDemoRalation', 'crud', '', 'com.gz.biz', 'biz', 'ralation', 'Demo关联', 'gz', '0', '/', NULL, 'admin', '2024-05-11 14:33:08', '', NULL, NULL);
INSERT INTO `gen_table` VALUES (6, 'sys_tenant', '租户表', NULL, NULL, 'SysTenant', 'crud', '', 'com.gz.biz', 'biz', 'tenant', '租户', 'gz', '0', '/', NULL, 'admin', '2024-05-13 15:18:28', '', NULL, NULL);
INSERT INTO `gen_table` VALUES (7, 'sys_tenant_package', '租户套餐表', NULL, NULL, 'SysTenantPackage', 'crud', '', 'com.gz.biz', 'biz', 'package', '租户套餐', 'gz', '0', '/', NULL, 'admin', '2024-05-13 15:18:28', '', NULL, NULL);
INSERT INTO `gen_table` VALUES (10, 'biz_demo2', 'Demo表', NULL, NULL, 'BizDemo2', 'crud', '', 'com.gz.biz', 'biz', 'demo2', 'Demo', 'gz', '0', '/', NULL, 'admin', '2025-04-17 15:10:05', '', NULL, NULL);
COMMIT;

-- ----------------------------
-- Table structure for gen_table_column
-- ----------------------------
DROP TABLE IF EXISTS `gen_table_column`;
CREATE TABLE `gen_table_column` (
  `column_id` bigint NOT NULL AUTO_INCREMENT COMMENT '编号',
  `table_id` bigint DEFAULT NULL COMMENT '归属表编号',
  `column_name` varchar(200) CHARACTER SET utf8mb4 COLLATE utf8mb4_general_ci DEFAULT NULL COMMENT '列名称',
  `column_comment` varchar(500) CHARACTER SET utf8mb4 COLLATE utf8mb4_general_ci DEFAULT NULL COMMENT '列描述',
  `column_type` varchar(100) CHARACTER SET utf8mb4 COLLATE utf8mb4_general_ci DEFAULT NULL COMMENT '列类型',
  `java_type` varchar(500) CHARACTER SET utf8mb4 COLLATE utf8mb4_general_ci DEFAULT NULL COMMENT 'JAVA类型',
  `java_field` varchar(200) CHARACTER SET utf8mb4 COLLATE utf8mb4_general_ci DEFAULT NULL COMMENT 'JAVA字段名',
  `is_pk` char(1) CHARACTER SET utf8mb4 COLLATE utf8mb4_general_ci DEFAULT NULL COMMENT '是否主键（1是）',
  `is_increment` char(1) CHARACTER SET utf8mb4 COLLATE utf8mb4_general_ci DEFAULT NULL COMMENT '是否自增（1是）',
  `is_required` char(1) CHARACTER SET utf8mb4 COLLATE utf8mb4_general_ci DEFAULT NULL COMMENT '是否必填（1是）',
  `is_insert` char(1) CHARACTER SET utf8mb4 COLLATE utf8mb4_general_ci DEFAULT NULL COMMENT '是否为插入字段（1是）',
  `is_edit` char(1) CHARACTER SET utf8mb4 COLLATE utf8mb4_general_ci DEFAULT NULL COMMENT '是否编辑字段（1是）',
  `is_list` char(1) CHARACTER SET utf8mb4 COLLATE utf8mb4_general_ci DEFAULT NULL COMMENT '是否列表字段（1是）',
  `is_query` char(1) CHARACTER SET utf8mb4 COLLATE utf8mb4_general_ci DEFAULT NULL COMMENT '是否查询字段（1是）',
  `query_type` varchar(200) CHARACTER SET utf8mb4 COLLATE utf8mb4_general_ci DEFAULT 'EQ' COMMENT '查询方式（等于、不等于、大于、小于、范围）',
  `html_type` varchar(200) CHARACTER SET utf8mb4 COLLATE utf8mb4_general_ci DEFAULT NULL COMMENT '显示类型（文本框、文本域、下拉框、复选框、单选框、日期控件）',
  `dict_type` varchar(200) CHARACTER SET utf8mb4 COLLATE utf8mb4_general_ci DEFAULT '' COMMENT '字典类型',
  `sort` int DEFAULT NULL COMMENT '排序',
  `create_by` varchar(64) CHARACTER SET utf8mb4 COLLATE utf8mb4_general_ci DEFAULT '' COMMENT '创建者',
  `create_time` datetime DEFAULT NULL COMMENT '创建时间',
  `update_by` varchar(64) CHARACTER SET utf8mb4 COLLATE utf8mb4_general_ci DEFAULT '' COMMENT '更新者',
  `update_time` datetime DEFAULT NULL COMMENT '更新时间',
  PRIMARY KEY (`column_id`) USING BTREE
) ENGINE=InnoDB AUTO_INCREMENT=105 DEFAULT CHARSET=utf8mb4 COLLATE=utf8mb4_general_ci COMMENT='代码生成业务表字段';

-- ----------------------------
-- Records of gen_table_column
-- ----------------------------
BEGIN;
INSERT INTO `gen_table_column` VALUES (10, 2, 'id', 'ID主键', 'int(11)', 'Long', 'id', '1', '0', '0', '1', NULL, NULL, NULL, 'EQ', 'input', '', 1, 'admin', '2024-04-29 10:16:03', '', '2025-04-08 17:46:18');
INSERT INTO `gen_table_column` VALUES (13, 2, 'email', '邮箱', 'varchar(32)', 'String', 'email', '0', '0', '0', '1', '1', '1', '1', 'EQ', 'input', '', 4, 'admin', '2024-04-29 10:16:03', '', '2025-04-08 17:46:18');
INSERT INTO `gen_table_column` VALUES (14, 2, 'del_flag', '删除标志，0=存在；1=删除；', 'char(1)', 'String', 'delFlag', '0', '0', '0', '1', NULL, NULL, NULL, 'EQ', 'input', '', 5, 'admin', '2024-04-29 10:16:03', '', '2025-04-08 17:46:18');
INSERT INTO `gen_table_column` VALUES (15, 2, 'create_by', '创建人', 'varchar(64)', 'Long', 'createBy', '0', '0', '0', '1', NULL, NULL, NULL, 'EQ', 'input', '', 7, 'admin', '2024-04-29 10:16:03', '', '2025-04-08 17:46:18');
INSERT INTO `gen_table_column` VALUES (16, 2, 'create_time', '创建时间', 'datetime', 'Date', 'createTime', '0', '0', '0', '1', NULL, NULL, NULL, 'EQ', 'datetime', '', 8, 'admin', '2024-04-29 10:16:04', '', '2025-04-08 17:46:18');
INSERT INTO `gen_table_column` VALUES (17, 2, 'update_by', '更新人', 'varchar(64)', 'Long', 'updateBy', '0', '0', '0', '1', '1', NULL, NULL, 'EQ', 'input', '', 10, 'admin', '2024-04-29 10:16:04', '', '2025-04-08 17:46:18');
INSERT INTO `gen_table_column` VALUES (18, 2, 'update_time', '更新时间', 'datetime', 'Date', 'updateTime', '0', '0', '0', '1', '1', NULL, NULL, 'EQ', 'datetime', '', 11, 'admin', '2024-04-29 10:16:04', '', '2025-04-08 17:46:18');
INSERT INTO `gen_table_column` VALUES (19, 3, 'notice_id', '公告ID', 'int(4)', 'Integer', 'noticeId', '1', '1', '0', '1', NULL, NULL, NULL, 'EQ', 'input', '', 1, 'admin', '2024-04-29 10:25:24', '', NULL);
INSERT INTO `gen_table_column` VALUES (20, 3, 'notice_title', '公告标题', 'varchar(50)', 'String', 'noticeTitle', '0', '0', '1', '1', '1', '1', '1', 'EQ', 'input', '', 2, 'admin', '2024-04-29 10:25:24', '', NULL);
INSERT INTO `gen_table_column` VALUES (21, 3, 'notice_type', '公告类型（1通知 2公告）', 'char(1)', 'String', 'noticeType', '0', '0', '1', '1', '1', '1', '1', 'EQ', 'select', '', 3, 'admin', '2024-04-29 10:25:24', '', NULL);
INSERT INTO `gen_table_column` VALUES (22, 3, 'notice_content', '公告内容', 'longblob', 'String', 'noticeContent', '0', '0', '0', '1', '1', '1', '1', 'EQ', 'editor', '', 4, 'admin', '2024-04-29 10:25:24', '', NULL);
INSERT INTO `gen_table_column` VALUES (23, 3, 'status', '公告状态（0正常 1关闭）', 'char(1)', 'String', 'status', '0', '0', '0', '1', '1', '1', '1', 'EQ', 'radio', '', 5, 'admin', '2024-04-29 10:25:24', '', NULL);
INSERT INTO `gen_table_column` VALUES (24, 3, 'create_by', '创建者', 'varchar(64)', 'String', 'createBy', '0', '0', '0', '1', NULL, NULL, NULL, 'EQ', 'input', '', 6, 'admin', '2024-04-29 10:25:24', '', NULL);
INSERT INTO `gen_table_column` VALUES (25, 3, 'create_time', '创建时间', 'datetime', 'Date', 'createTime', '0', '0', '0', '1', NULL, NULL, NULL, 'EQ', 'datetime', '', 7, 'admin', '2024-04-29 10:25:24', '', NULL);
INSERT INTO `gen_table_column` VALUES (26, 3, 'update_by', '更新者', 'varchar(64)', 'String', 'updateBy', '0', '0', '0', '1', '1', NULL, NULL, 'EQ', 'input', '', 8, 'admin', '2024-04-29 10:25:24', '', NULL);
INSERT INTO `gen_table_column` VALUES (27, 3, 'update_time', '更新时间', 'datetime', 'Date', 'updateTime', '0', '0', '0', '1', '1', NULL, NULL, 'EQ', 'datetime', '', 9, 'admin', '2024-04-29 10:25:24', '', NULL);
INSERT INTO `gen_table_column` VALUES (28, 3, 'remark', '备注', 'varchar(255)', 'String', 'remark', '0', '0', '0', '1', '1', '1', NULL, 'EQ', 'input', '', 10, 'admin', '2024-04-29 10:25:24', '', NULL);
INSERT INTO `gen_table_column` VALUES (29, 4, 'config_id', '参数主键', 'int(5)', 'Integer', 'configId', '1', '1', '0', '1', NULL, NULL, NULL, 'EQ', 'input', '', 1, 'admin', '2024-04-29 10:28:39', '', NULL);
INSERT INTO `gen_table_column` VALUES (30, 4, 'config_name', '参数名称', 'varchar(100)', 'String', 'configName', '0', '0', '0', '1', '1', '1', '1', 'LIKE', 'input', '', 2, 'admin', '2024-04-29 10:28:39', '', NULL);
INSERT INTO `gen_table_column` VALUES (31, 4, 'config_key', '参数键名', 'varchar(100)', 'String', 'configKey', '0', '0', '0', '1', '1', '1', '1', 'EQ', 'input', '', 3, 'admin', '2024-04-29 10:28:39', '', NULL);
INSERT INTO `gen_table_column` VALUES (32, 4, 'config_value', '参数键值', 'varchar(500)', 'String', 'configValue', '0', '0', '0', '1', '1', '1', '1', 'EQ', 'textarea', '', 4, 'admin', '2024-04-29 10:28:39', '', NULL);
INSERT INTO `gen_table_column` VALUES (33, 4, 'config_type', '系统内置（Y是 N否）', 'char(1)', 'String', 'configType', '0', '0', '0', '1', '1', '1', '1', 'EQ', 'select', '', 5, 'admin', '2024-04-29 10:28:39', '', NULL);
INSERT INTO `gen_table_column` VALUES (34, 4, 'create_by', '创建者', 'varchar(64)', 'String', 'createBy', '0', '0', '0', '1', NULL, NULL, NULL, 'EQ', 'input', '', 6, 'admin', '2024-04-29 10:28:39', '', NULL);
INSERT INTO `gen_table_column` VALUES (35, 4, 'create_time', '创建时间', 'datetime', 'Date', 'createTime', '0', '0', '0', '1', NULL, NULL, NULL, 'EQ', 'datetime', '', 7, 'admin', '2024-04-29 10:28:39', '', NULL);
INSERT INTO `gen_table_column` VALUES (36, 4, 'update_by', '更新者', 'varchar(64)', 'String', 'updateBy', '0', '0', '0', '1', '1', NULL, NULL, 'EQ', 'input', '', 8, 'admin', '2024-04-29 10:28:39', '', NULL);
INSERT INTO `gen_table_column` VALUES (37, 4, 'update_time', '更新时间', 'datetime', 'Date', 'updateTime', '0', '0', '0', '1', '1', NULL, NULL, 'EQ', 'datetime', '', 9, 'admin', '2024-04-29 10:28:39', '', NULL);
INSERT INTO `gen_table_column` VALUES (38, 4, 'remark', '备注', 'varchar(500)', 'String', 'remark', '0', '0', '0', '1', '1', '1', NULL, 'EQ', 'textarea', '', 10, 'admin', '2024-04-29 10:28:39', '', NULL);
INSERT INTO `gen_table_column` VALUES (39, 2, 'person_name', '姓名', 'varchar(16)', 'String', 'personName', '0', '0', '0', '1', '1', '1', '1', 'LIKE', 'input', '', 2, '', '2024-05-08 12:14:41', '', '2025-04-08 17:46:18');
INSERT INTO `gen_table_column` VALUES (40, 2, 'person_age', '年龄', 'int(11)', 'Long', 'personAge', '0', '0', '0', '1', '1', '1', '1', 'EQ', 'input', '', 3, '', '2024-05-08 12:14:41', '', '2025-04-08 17:46:18');
INSERT INTO `gen_table_column` VALUES (41, 5, 'id', 'ID主键', 'int', 'Long', 'id', '1', '1', '0', '1', NULL, NULL, NULL, 'EQ', 'input', '', 1, 'admin', '2024-05-11 14:33:08', '', '2024-05-11 15:00:22');
INSERT INTO `gen_table_column` VALUES (42, 5, 'demo_id', 'demo表ID', 'int', 'Long', 'demoId', '0', '0', '0', '1', '1', '1', '1', 'EQ', 'input', '', 2, 'admin', '2024-05-11 14:33:08', '', '2024-05-11 15:00:22');
INSERT INTO `gen_table_column` VALUES (43, 5, 'sub_name', '关联名称', 'varchar(32)', 'String', 'subName', '0', '0', '0', '1', '1', '1', '1', 'LIKE', 'input', '', 3, 'admin', '2024-05-11 14:33:08', '', '2024-05-11 15:00:22');
INSERT INTO `gen_table_column` VALUES (44, 5, 'del_flag', '删除标志，0=存在；1=删除；', 'char(1)', 'String', 'delFlag', '0', '0', '0', '1', NULL, NULL, NULL, 'EQ', 'input', '', 4, 'admin', '2024-05-11 14:33:08', '', '2024-05-11 15:00:22');
INSERT INTO `gen_table_column` VALUES (45, 5, 'create_by', '创建者', 'varchar(32)', 'String', 'createBy', '0', '0', '0', '1', NULL, NULL, NULL, 'EQ', 'input', '', 5, 'admin', '2024-05-11 14:33:08', '', '2024-05-11 15:00:22');
INSERT INTO `gen_table_column` VALUES (46, 5, 'create_time', '创建时间', 'datetime', 'Date', 'createTime', '0', '0', '0', '1', NULL, NULL, NULL, 'EQ', 'datetime', '', 6, 'admin', '2024-05-11 14:33:08', '', '2024-05-11 15:00:22');
INSERT INTO `gen_table_column` VALUES (47, 5, 'update_by', '更新者', 'varchar(32)', 'String', 'updateBy', '0', '0', '0', '1', '1', NULL, NULL, 'EQ', 'input', '', 7, 'admin', '2024-05-11 14:33:08', '', '2024-05-11 15:00:22');
INSERT INTO `gen_table_column` VALUES (48, 5, 'update_time', '更新时间', 'datetime', 'Date', 'updateTime', '0', '0', '0', '1', '1', NULL, NULL, 'EQ', 'datetime', '', 8, 'admin', '2024-05-11 14:33:08', '', '2024-05-11 15:00:22');
INSERT INTO `gen_table_column` VALUES (49, 6, 'id', '租户编号', 'bigint', 'Long', 'id', '1', '1', '0', '1', NULL, NULL, NULL, 'EQ', 'input', '', 1, 'admin', '2024-05-13 15:18:28', '', NULL);
INSERT INTO `gen_table_column` VALUES (50, 6, 'name', '租户名', 'varchar(30)', 'String', 'name', '0', '0', '1', '1', '1', '1', '1', 'LIKE', 'input', '', 2, 'admin', '2024-05-13 15:18:28', '', NULL);
INSERT INTO `gen_table_column` VALUES (51, 6, 'contact_user_id', '联系人的用户编号', 'bigint', 'Long', 'contactUserId', '0', '0', '0', '1', '1', '1', '1', 'EQ', 'input', '', 3, 'admin', '2024-05-13 15:18:28', '', NULL);
INSERT INTO `gen_table_column` VALUES (52, 6, 'contact_name', '联系人', 'varchar(30)', 'String', 'contactName', '0', '0', '1', '1', '1', '1', '1', 'LIKE', 'input', '', 4, 'admin', '2024-05-13 15:18:28', '', NULL);
INSERT INTO `gen_table_column` VALUES (53, 6, 'contact_mobile', '联系手机', 'varchar(500)', 'String', 'contactMobile', '0', '0', '0', '1', '1', '1', '1', 'EQ', 'textarea', '', 5, 'admin', '2024-05-13 15:18:28', '', NULL);
INSERT INTO `gen_table_column` VALUES (54, 6, 'status', '租户状态（0正常 1停用）', 'tinyint', 'Long', 'status', '0', '0', '1', '1', '1', '1', '1', 'EQ', 'radio', '', 6, 'admin', '2024-05-13 15:18:28', '', NULL);
INSERT INTO `gen_table_column` VALUES (55, 6, 'website', '绑定域名', 'varchar(256)', 'String', 'website', '0', '0', '0', '1', '1', '1', '1', 'EQ', 'input', '', 7, 'admin', '2024-05-13 15:18:28', '', NULL);
INSERT INTO `gen_table_column` VALUES (56, 6, 'package_id', '租户套餐编号', 'bigint', 'Long', 'packageId', '0', '0', '1', '1', '1', '1', '1', 'EQ', 'input', '', 8, 'admin', '2024-05-13 15:18:28', '', NULL);
INSERT INTO `gen_table_column` VALUES (57, 6, 'expire_time', '过期时间', 'datetime', 'Date', 'expireTime', '0', '0', '1', '1', '1', '1', '1', 'EQ', 'datetime', '', 9, 'admin', '2024-05-13 15:18:28', '', NULL);
INSERT INTO `gen_table_column` VALUES (58, 6, 'account_count', '账号数量', 'int', 'Long', 'accountCount', '0', '0', '1', '1', '1', '1', '1', 'EQ', 'input', '', 10, 'admin', '2024-05-13 15:18:28', '', NULL);
INSERT INTO `gen_table_column` VALUES (59, 6, 'creator', '创建者', 'varchar(64)', 'String', 'creator', '0', '0', '1', '1', '1', '1', '1', 'EQ', 'input', '', 11, 'admin', '2024-05-13 15:18:28', '', NULL);
INSERT INTO `gen_table_column` VALUES (60, 6, 'create_time', '创建时间', 'datetime', 'Date', 'createTime', '0', '0', '1', '1', NULL, NULL, NULL, 'EQ', 'datetime', '', 12, 'admin', '2024-05-13 15:18:28', '', NULL);
INSERT INTO `gen_table_column` VALUES (61, 6, 'updater', '更新者', 'varchar(64)', 'String', 'updater', '0', '0', '0', '1', '1', '1', '1', 'EQ', 'input', '', 13, 'admin', '2024-05-13 15:18:28', '', NULL);
INSERT INTO `gen_table_column` VALUES (62, 6, 'update_time', '更新时间', 'datetime', 'Date', 'updateTime', '0', '0', '1', '1', '1', NULL, NULL, 'EQ', 'datetime', '', 14, 'admin', '2024-05-13 15:18:28', '', NULL);
INSERT INTO `gen_table_column` VALUES (63, 6, 'deleted', '是否删除', 'bit(1)', 'Integer', 'deleted', '0', '0', '1', '1', '1', '1', '1', 'EQ', 'input', '', 15, 'admin', '2024-05-13 15:18:28', '', NULL);
INSERT INTO `gen_table_column` VALUES (64, 7, 'id', '套餐编号', 'bigint', 'Long', 'id', '1', '1', '0', '1', NULL, NULL, NULL, 'EQ', 'input', '', 1, 'admin', '2024-05-13 15:18:28', '', NULL);
INSERT INTO `gen_table_column` VALUES (65, 7, 'name', '套餐名', 'varchar(30)', 'String', 'name', '0', '0', '1', '1', '1', '1', '1', 'LIKE', 'input', '', 2, 'admin', '2024-05-13 15:18:28', '', NULL);
INSERT INTO `gen_table_column` VALUES (66, 7, 'status', '租户状态（0正常 1停用）', 'tinyint', 'Long', 'status', '0', '0', '1', '1', '1', '1', '1', 'EQ', 'radio', '', 3, 'admin', '2024-05-13 15:18:28', '', NULL);
INSERT INTO `gen_table_column` VALUES (67, 7, 'remark', '备注', 'varchar(256)', 'String', 'remark', '0', '0', '0', '1', '1', '1', NULL, 'EQ', 'input', '', 4, 'admin', '2024-05-13 15:18:28', '', NULL);
INSERT INTO `gen_table_column` VALUES (68, 7, 'menu_ids', '关联的菜单编号', 'varchar(4096)', 'String', 'menuIds', '0', '0', '1', '1', '1', '1', '1', 'EQ', 'textarea', '', 5, 'admin', '2024-05-13 15:18:28', '', NULL);
INSERT INTO `gen_table_column` VALUES (69, 7, 'creator', '创建者', 'varchar(64)', 'String', 'creator', '0', '0', '1', '1', '1', '1', '1', 'EQ', 'input', '', 6, 'admin', '2024-05-13 15:18:28', '', NULL);
INSERT INTO `gen_table_column` VALUES (70, 7, 'create_time', '创建时间', 'datetime', 'Date', 'createTime', '0', '0', '1', '1', NULL, NULL, NULL, 'EQ', 'datetime', '', 7, 'admin', '2024-05-13 15:18:28', '', NULL);
INSERT INTO `gen_table_column` VALUES (71, 7, 'updater', '更新者', 'varchar(64)', 'String', 'updater', '0', '0', '0', '1', '1', '1', '1', 'EQ', 'input', '', 8, 'admin', '2024-05-13 15:18:28', '', NULL);
INSERT INTO `gen_table_column` VALUES (72, 7, 'update_time', '更新时间', 'datetime', 'Date', 'updateTime', '0', '0', '1', '1', '1', NULL, NULL, 'EQ', 'datetime', '', 9, 'admin', '2024-05-13 15:18:28', '', NULL);
INSERT INTO `gen_table_column` VALUES (73, 7, 'deleted', '是否删除', 'bit(1)', 'Integer', 'deleted', '0', '0', '1', '1', '1', '1', '1', 'EQ', 'input', '', 10, 'admin', '2024-05-13 15:18:28', '', NULL);
INSERT INTO `gen_table_column` VALUES (92, 2, 'create_name', '创建人姓名', 'varchar(64)', 'String', 'createName', '0', '0', '0', '1', '1', '1', '1', 'LIKE', 'input', '', 6, '', '2025-04-08 17:46:18', '', NULL);
INSERT INTO `gen_table_column` VALUES (93, 2, 'update_name', '更新人姓名', 'varchar(64)', 'String', 'updateName', '0', '0', '0', '1', '1', '1', '1', 'LIKE', 'input', '', 9, '', '2025-04-08 17:46:18', '', NULL);
INSERT INTO `gen_table_column` VALUES (94, 10, 'id', 'ID主键', 'int', 'Long', 'id', '1', '1', '0', '1', NULL, NULL, NULL, 'EQ', 'input', '', 1, 'admin', '2025-04-17 15:10:05', '', NULL);
INSERT INTO `gen_table_column` VALUES (95, 10, 'person_name', '姓名', 'varchar(16)', 'String', 'personName', '0', '0', '0', '1', '1', '1', '1', 'LIKE', 'input', '', 2, 'admin', '2025-04-17 15:10:05', '', NULL);
INSERT INTO `gen_table_column` VALUES (96, 10, 'person_age', '年龄', 'int', 'Long', 'personAge', '0', '0', '0', '1', '1', '1', '1', 'EQ', 'input', '', 3, 'admin', '2025-04-17 15:10:05', '', NULL);
INSERT INTO `gen_table_column` VALUES (97, 10, 'email', '邮箱', 'varchar(32)', 'String', 'email', '0', '0', '0', '1', '1', '1', '1', 'EQ', 'input', '', 4, 'admin', '2025-04-17 15:10:05', '', NULL);
INSERT INTO `gen_table_column` VALUES (98, 10, 'del_flag', '删除标志，0=存在；1=删除；', 'char(1)', 'String', 'delFlag', '0', '0', '0', '1', NULL, NULL, NULL, 'EQ', 'input', '', 5, 'admin', '2025-04-17 15:10:05', '', NULL);
INSERT INTO `gen_table_column` VALUES (99, 10, 'create_name', '创建人姓名', 'varchar(64)', 'String', 'createName', '0', '0', '0', '1', '1', '1', '1', 'LIKE', 'input', '', 6, 'admin', '2025-04-17 15:10:05', '', NULL);
INSERT INTO `gen_table_column` VALUES (100, 10, 'create_by', '创建人', 'bigint', 'Long', 'createBy', '0', '0', '0', '1', NULL, NULL, NULL, 'EQ', 'input', '', 7, 'admin', '2025-04-17 15:10:05', '', NULL);
INSERT INTO `gen_table_column` VALUES (101, 10, 'create_time', '创建时间', 'datetime', 'Date', 'createTime', '0', '0', '0', '1', NULL, NULL, NULL, 'EQ', 'datetime', '', 8, 'admin', '2025-04-17 15:10:05', '', NULL);
INSERT INTO `gen_table_column` VALUES (102, 10, 'update_name', '更新人姓名', 'varchar(64)', 'String', 'updateName', '0', '0', '0', '1', '1', '1', '1', 'LIKE', 'input', '', 9, 'admin', '2025-04-17 15:10:05', '', NULL);
INSERT INTO `gen_table_column` VALUES (103, 10, 'update_by', '更新人', 'bigint', 'Long', 'updateBy', '0', '0', '0', '1', '1', NULL, NULL, 'EQ', 'input', '', 10, 'admin', '2025-04-17 15:10:05', '', NULL);
INSERT INTO `gen_table_column` VALUES (104, 10, 'update_time', '更新时间', 'datetime', 'Date', 'updateTime', '0', '0', '0', '1', '1', NULL, NULL, 'EQ', 'datetime', '', 11, 'admin', '2025-04-17 15:10:05', '', NULL);
COMMIT;

-- ----------------------------
-- Table structure for sys_config
-- ----------------------------
DROP TABLE IF EXISTS `sys_config`;
CREATE TABLE `sys_config` (
  `config_id` int NOT NULL AUTO_INCREMENT COMMENT '参数主键',
  `config_name` varchar(100) CHARACTER SET utf8mb4 COLLATE utf8mb4_general_ci DEFAULT '' COMMENT '参数名称',
  `config_key` varchar(100) CHARACTER SET utf8mb4 COLLATE utf8mb4_general_ci DEFAULT '' COMMENT '参数键名',
  `config_value` varchar(500) CHARACTER SET utf8mb4 COLLATE utf8mb4_general_ci DEFAULT '' COMMENT '参数键值',
  `config_type` char(1) CHARACTER SET utf8mb4 COLLATE utf8mb4_general_ci DEFAULT 'N' COMMENT '系统内置（Y是 N否）',
  `create_by` varchar(64) CHARACTER SET utf8mb4 COLLATE utf8mb4_general_ci DEFAULT '' COMMENT '创建者',
  `create_time` datetime DEFAULT NULL COMMENT '创建时间',
  `update_by` varchar(64) CHARACTER SET utf8mb4 COLLATE utf8mb4_general_ci DEFAULT '' COMMENT '更新者',
  `update_time` datetime DEFAULT NULL COMMENT '更新时间',
  `remark` varchar(500) CHARACTER SET utf8mb4 COLLATE utf8mb4_general_ci DEFAULT NULL COMMENT '备注',
  PRIMARY KEY (`config_id`) USING BTREE
) ENGINE=InnoDB AUTO_INCREMENT=7 DEFAULT CHARSET=utf8mb4 COLLATE=utf8mb4_general_ci COMMENT='参数配置表';

-- ----------------------------
-- Records of sys_config
-- ----------------------------
BEGIN;
INSERT INTO `sys_config` VALUES (1, '主框架页-默认皮肤样式名称', 'sys.index.skinName', 'skin-blue', 'Y', 'admin', '2024-04-28 16:32:47', '', NULL, '蓝色 skin-blue、绿色 skin-green、紫色 skin-purple、红色 skin-red、黄色 skin-yellow');
INSERT INTO `sys_config` VALUES (2, '用户管理-账号初始密码', 'sys.user.initPassword', '123456', 'Y', 'admin', '2024-04-28 16:32:47', '', NULL, '初始化密码 123456');
INSERT INTO `sys_config` VALUES (3, '主框架页-侧边栏主题', 'sys.index.sideTheme', 'theme-dark', 'Y', 'admin', '2024-04-28 16:32:47', '', NULL, '深色主题theme-dark，浅色主题theme-light');
INSERT INTO `sys_config` VALUES (4, '账号自助-验证码开关', 'sys.account.captchaEnabled', 'true', 'Y', 'admin', '2024-04-28 16:32:47', '', NULL, '是否开启验证码功能（true开启，false关闭）');
INSERT INTO `sys_config` VALUES (5, '账号自助-是否开启用户注册功能', 'sys.account.registerUser', 'false', 'Y', 'admin', '2024-04-28 16:32:47', '', NULL, '是否开启注册用户功能（true开启，false关闭）');
INSERT INTO `sys_config` VALUES (6, '用户登录-黑名单列表', 'sys.login.blackIPList', '', 'Y', 'admin', '2024-04-28 16:32:47', '', NULL, '设置登录IP黑名单限制，多个匹配项以;分隔，支持匹配（*通配、网段）');
COMMIT;

-- ----------------------------
-- Table structure for sys_dept
-- ----------------------------
DROP TABLE IF EXISTS `sys_dept`;
CREATE TABLE `sys_dept` (
  `dept_id` bigint NOT NULL AUTO_INCREMENT COMMENT '部门id',
  `parent_id` bigint DEFAULT '0' COMMENT '父部门id',
  `ancestors` varchar(50) CHARACTER SET utf8mb4 COLLATE utf8mb4_general_ci DEFAULT '' COMMENT '祖级列表',
  `dept_name` varchar(30) CHARACTER SET utf8mb4 COLLATE utf8mb4_general_ci DEFAULT '' COMMENT '部门名称',
  `order_num` int DEFAULT '0' COMMENT '显示顺序',
  `leader` varchar(20) CHARACTER SET utf8mb4 COLLATE utf8mb4_general_ci DEFAULT NULL COMMENT '负责人',
  `phone` varchar(11) CHARACTER SET utf8mb4 COLLATE utf8mb4_general_ci DEFAULT NULL COMMENT '联系电话',
  `email` varchar(50) CHARACTER SET utf8mb4 COLLATE utf8mb4_general_ci DEFAULT NULL COMMENT '邮箱',
  `status` char(1) CHARACTER SET utf8mb4 COLLATE utf8mb4_general_ci DEFAULT '0' COMMENT '部门状态（0正常 1停用）',
  `del_flag` char(1) CHARACTER SET utf8mb4 COLLATE utf8mb4_general_ci DEFAULT '0' COMMENT '删除标志（0代表存在 2代表删除）',
  `create_by` varchar(64) CHARACTER SET utf8mb4 COLLATE utf8mb4_general_ci DEFAULT '' COMMENT '创建者',
  `create_time` datetime DEFAULT NULL COMMENT '创建时间',
  `update_by` varchar(64) CHARACTER SET utf8mb4 COLLATE utf8mb4_general_ci DEFAULT '' COMMENT '更新者',
  `update_time` datetime DEFAULT NULL COMMENT '更新时间',
  PRIMARY KEY (`dept_id`) USING BTREE
) ENGINE=InnoDB AUTO_INCREMENT=110 DEFAULT CHARSET=utf8mb4 COLLATE=utf8mb4_general_ci COMMENT='部门表';

-- ----------------------------
-- Records of sys_dept
-- ----------------------------
BEGIN;
INSERT INTO `sys_dept` VALUES (100, 0, '0', '广咨科技', 0, '广咨', '15888888888', 'ry@qq.com', '0', '0', 'admin', '2024-04-28 16:32:45', '', NULL);
INSERT INTO `sys_dept` VALUES (101, 100, '0,100', '深圳总公司', 1, '广咨', '15888888888', 'ry@qq.com', '0', '0', 'admin', '2024-04-28 16:32:45', '', NULL);
INSERT INTO `sys_dept` VALUES (102, 100, '0,100', '长沙分公司', 2, '广咨', '15888888888', 'ry@qq.com', '0', '0', 'admin', '2024-04-28 16:32:45', '', NULL);
INSERT INTO `sys_dept` VALUES (103, 101, '0,100,101', '研发部门', 1, '广咨', '15888888888', 'ry@qq.com', '0', '0', 'admin', '2024-04-28 16:32:45', '', NULL);
INSERT INTO `sys_dept` VALUES (104, 101, '0,100,101', '市场部门', 2, '广咨', '15888888888', 'ry@qq.com', '0', '0', 'admin', '2024-04-28 16:32:45', '', NULL);
INSERT INTO `sys_dept` VALUES (105, 101, '0,100,101', '测试部门', 3, '广咨', '15888888888', 'ry@qq.com', '0', '0', 'admin', '2024-04-28 16:32:45', '', NULL);
INSERT INTO `sys_dept` VALUES (106, 101, '0,100,101', '财务部门', 4, '广咨', '15888888888', 'ry@qq.com', '0', '0', 'admin', '2024-04-28 16:32:45', '', NULL);
INSERT INTO `sys_dept` VALUES (107, 101, '0,100,101', '运维部门', 5, '广咨', '15888888888', 'ry@qq.com', '0', '0', 'admin', '2024-04-28 16:32:45', '', NULL);
INSERT INTO `sys_dept` VALUES (108, 102, '0,100,102', '市场部门', 1, '广咨', '15888888888', 'ry@qq.com', '0', '0', 'admin', '2024-04-28 16:32:45', '', NULL);
INSERT INTO `sys_dept` VALUES (109, 102, '0,100,102', '财务部门', 2, '广咨', '15888888888', 'ry@qq.com', '0', '0', 'admin', '2024-04-28 16:32:45', '', NULL);
COMMIT;

-- ----------------------------
-- Table structure for sys_dict_data
-- ----------------------------
DROP TABLE IF EXISTS `sys_dict_data`;
CREATE TABLE `sys_dict_data` (
  `dict_code` bigint NOT NULL AUTO_INCREMENT COMMENT '字典编码',
  `dict_sort` int DEFAULT '0' COMMENT '字典排序',
  `dict_label` varchar(100) CHARACTER SET utf8mb4 COLLATE utf8mb4_general_ci DEFAULT '' COMMENT '字典标签',
  `dict_value` varchar(100) CHARACTER SET utf8mb4 COLLATE utf8mb4_general_ci DEFAULT '' COMMENT '字典键值',
  `dict_type` varchar(100) CHARACTER SET utf8mb4 COLLATE utf8mb4_general_ci DEFAULT '' COMMENT '字典类型',
  `css_class` varchar(100) CHARACTER SET utf8mb4 COLLATE utf8mb4_general_ci DEFAULT NULL COMMENT '样式属性（其他样式扩展）',
  `list_class` varchar(100) CHARACTER SET utf8mb4 COLLATE utf8mb4_general_ci DEFAULT NULL COMMENT '表格回显样式',
  `is_default` char(1) CHARACTER SET utf8mb4 COLLATE utf8mb4_general_ci DEFAULT 'N' COMMENT '是否默认（Y是 N否）',
  `status` char(1) CHARACTER SET utf8mb4 COLLATE utf8mb4_general_ci DEFAULT '0' COMMENT '状态（0正常 1停用）',
  `create_by` varchar(64) CHARACTER SET utf8mb4 COLLATE utf8mb4_general_ci DEFAULT '' COMMENT '创建者',
  `create_time` datetime DEFAULT NULL COMMENT '创建时间',
  `update_by` varchar(64) CHARACTER SET utf8mb4 COLLATE utf8mb4_general_ci DEFAULT '' COMMENT '更新者',
  `update_time` datetime DEFAULT NULL COMMENT '更新时间',
  `remark` varchar(500) CHARACTER SET utf8mb4 COLLATE utf8mb4_general_ci DEFAULT NULL COMMENT '备注',
  PRIMARY KEY (`dict_code`) USING BTREE
) ENGINE=InnoDB AUTO_INCREMENT=32 DEFAULT CHARSET=utf8mb4 COLLATE=utf8mb4_general_ci COMMENT='字典数据表';

-- ----------------------------
-- Records of sys_dict_data
-- ----------------------------
BEGIN;
INSERT INTO `sys_dict_data` VALUES (1, 1, '男', '0', 'sys_user_sex', '', '', 'Y', '0', 'admin', '2024-04-28 16:32:47', '', NULL, '性别男');
INSERT INTO `sys_dict_data` VALUES (2, 2, '女', '1', 'sys_user_sex', '', '', 'N', '0', 'admin', '2024-04-28 16:32:47', '', NULL, '性别女');
INSERT INTO `sys_dict_data` VALUES (3, 3, '未知', '2', 'sys_user_sex', '', '', 'N', '0', 'admin', '2024-04-28 16:32:47', '', NULL, '性别未知');
INSERT INTO `sys_dict_data` VALUES (4, 1, '显示', '0', 'sys_show_hide', '', 'primary', 'Y', '0', 'admin', '2024-04-28 16:32:47', '', NULL, '显示菜单');
INSERT INTO `sys_dict_data` VALUES (5, 2, '隐藏', '1', 'sys_show_hide', '', 'danger', 'N', '0', 'admin', '2024-04-28 16:32:47', '', NULL, '隐藏菜单');
INSERT INTO `sys_dict_data` VALUES (6, 1, '正常', '0', 'sys_normal_disable', '', 'primary', 'Y', '0', 'admin', '2024-04-28 16:32:47', '', NULL, '正常状态');
INSERT INTO `sys_dict_data` VALUES (7, 2, '停用', '1', 'sys_normal_disable', '', 'danger', 'N', '0', 'admin', '2024-04-28 16:32:47', '', NULL, '停用状态');
INSERT INTO `sys_dict_data` VALUES (8, 1, '正常', '0', 'sys_job_status', '', 'primary', 'Y', '0', 'admin', '2024-04-28 16:32:47', '', NULL, '正常状态');
INSERT INTO `sys_dict_data` VALUES (9, 2, '暂停', '1', 'sys_job_status', '', 'danger', 'N', '0', 'admin', '2024-04-28 16:32:47', '', NULL, '停用状态');
INSERT INTO `sys_dict_data` VALUES (10, 1, '默认', 'DEFAULT', 'sys_job_group', '', '', 'Y', '0', 'admin', '2024-04-28 16:32:47', '', NULL, '默认分组');
INSERT INTO `sys_dict_data` VALUES (11, 2, '系统', 'SYSTEM', 'sys_job_group', '', '', 'N', '0', 'admin', '2024-04-28 16:32:47', '', NULL, '系统分组');
INSERT INTO `sys_dict_data` VALUES (12, 1, '是', 'Y', 'sys_yes_no', '', 'primary', 'Y', '0', 'admin', '2024-04-28 16:32:47', '', NULL, '系统默认是');
INSERT INTO `sys_dict_data` VALUES (13, 2, '否', 'N', 'sys_yes_no', '', 'danger', 'N', '0', 'admin', '2024-04-28 16:32:47', '', NULL, '系统默认否');
INSERT INTO `sys_dict_data` VALUES (14, 1, '通知', '1', 'sys_notice_type', '', 'warning', 'Y', '0', 'admin', '2024-04-28 16:32:47', '', NULL, '通知');
INSERT INTO `sys_dict_data` VALUES (15, 2, '公告', '2', 'sys_notice_type', '', 'success', 'N', '0', 'admin', '2024-04-28 16:32:47', '', NULL, '公告');
INSERT INTO `sys_dict_data` VALUES (16, 1, '正常', '0', 'sys_notice_status', '', 'primary', 'Y', '0', 'admin', '2024-04-28 16:32:47', '', NULL, '正常状态');
INSERT INTO `sys_dict_data` VALUES (17, 2, '关闭', '1', 'sys_notice_status', '', 'danger', 'N', '0', 'admin', '2024-04-28 16:32:47', '', NULL, '关闭状态');
INSERT INTO `sys_dict_data` VALUES (18, 99, '其他', '0', 'sys_oper_type', '', 'info', 'N', '0', 'admin', '2024-04-28 16:32:47', '', NULL, '其他操作');
INSERT INTO `sys_dict_data` VALUES (19, 1, '新增', '1', 'sys_oper_type', '', 'info', 'N', '0', 'admin', '2024-04-28 16:32:47', '', NULL, '新增操作');
INSERT INTO `sys_dict_data` VALUES (20, 2, '修改', '2', 'sys_oper_type', '', 'info', 'N', '0', 'admin', '2024-04-28 16:32:47', '', NULL, '修改操作');
INSERT INTO `sys_dict_data` VALUES (21, 3, '删除', '3', 'sys_oper_type', '', 'danger', 'N', '0', 'admin', '2024-04-28 16:32:47', '', NULL, '删除操作');
INSERT INTO `sys_dict_data` VALUES (22, 4, '授权', '4', 'sys_oper_type', '', 'primary', 'N', '0', 'admin', '2024-04-28 16:32:47', '', NULL, '授权操作');
INSERT INTO `sys_dict_data` VALUES (23, 5, '导出', '5', 'sys_oper_type', '', 'warning', 'N', '0', 'admin', '2024-04-28 16:32:47', '', NULL, '导出操作');
INSERT INTO `sys_dict_data` VALUES (24, 6, '导入', '6', 'sys_oper_type', '', 'warning', 'N', '0', 'admin', '2024-04-28 16:32:47', '', NULL, '导入操作');
INSERT INTO `sys_dict_data` VALUES (25, 7, '强退', '7', 'sys_oper_type', '', 'danger', 'N', '0', 'admin', '2024-04-28 16:32:47', '', NULL, '强退操作');
INSERT INTO `sys_dict_data` VALUES (26, 8, '生成代码', '8', 'sys_oper_type', '', 'warning', 'N', '0', 'admin', '2024-04-28 16:32:47', '', NULL, '生成操作');
INSERT INTO `sys_dict_data` VALUES (27, 9, '清空数据', '9', 'sys_oper_type', '', 'danger', 'N', '0', 'admin', '2024-04-28 16:32:47', '', NULL, '清空操作');
INSERT INTO `sys_dict_data` VALUES (28, 1, '成功', '0', 'sys_common_status', '', 'primary', 'N', '0', 'admin', '2024-04-28 16:32:47', '', NULL, '正常状态');
INSERT INTO `sys_dict_data` VALUES (29, 2, '失败', '1', 'sys_common_status', '', 'danger', 'N', '0', 'admin', '2024-04-28 16:32:47', '', NULL, '停用状态');
INSERT INTO `sys_dict_data` VALUES (30, 0, '存在', '0', 'del_flag', NULL, 'default', 'N', '0', 'admin', '2025-04-09 12:05:25', '', NULL, NULL);
INSERT INTO `sys_dict_data` VALUES (31, 1, '删除', '1', 'del_flag', NULL, 'default', 'N', '0', 'admin', '2025-04-09 12:05:35', '', NULL, NULL);
COMMIT;

-- ----------------------------
-- Table structure for sys_dict_type
-- ----------------------------
DROP TABLE IF EXISTS `sys_dict_type`;
CREATE TABLE `sys_dict_type` (
  `dict_id` bigint NOT NULL AUTO_INCREMENT COMMENT '字典主键',
  `dict_name` varchar(100) CHARACTER SET utf8mb4 COLLATE utf8mb4_general_ci DEFAULT '' COMMENT '字典名称',
  `dict_type` varchar(100) CHARACTER SET utf8mb4 COLLATE utf8mb4_general_ci DEFAULT '' COMMENT '字典类型',
  `status` char(1) CHARACTER SET utf8mb4 COLLATE utf8mb4_general_ci DEFAULT '0' COMMENT '状态（0正常 1停用）',
  `create_by` varchar(64) CHARACTER SET utf8mb4 COLLATE utf8mb4_general_ci DEFAULT '' COMMENT '创建者',
  `create_time` datetime DEFAULT NULL COMMENT '创建时间',
  `update_by` varchar(64) CHARACTER SET utf8mb4 COLLATE utf8mb4_general_ci DEFAULT '' COMMENT '更新者',
  `update_time` datetime DEFAULT NULL COMMENT '更新时间',
  `remark` varchar(500) CHARACTER SET utf8mb4 COLLATE utf8mb4_general_ci DEFAULT NULL COMMENT '备注',
  PRIMARY KEY (`dict_id`) USING BTREE,
  UNIQUE KEY `dict_type` (`dict_type`) USING BTREE
) ENGINE=InnoDB AUTO_INCREMENT=12 DEFAULT CHARSET=utf8mb4 COLLATE=utf8mb4_general_ci COMMENT='字典类型表';

-- ----------------------------
-- Records of sys_dict_type
-- ----------------------------
BEGIN;
INSERT INTO `sys_dict_type` VALUES (1, '用户性别', 'sys_user_sex', '0', 'admin', '2024-04-28 16:32:47', '', NULL, '用户性别列表');
INSERT INTO `sys_dict_type` VALUES (2, '菜单状态', 'sys_show_hide', '0', 'admin', '2024-04-28 16:32:47', '', NULL, '菜单状态列表');
INSERT INTO `sys_dict_type` VALUES (3, '系统开关', 'sys_normal_disable', '0', 'admin', '2024-04-28 16:32:47', '', NULL, '系统开关列表');
INSERT INTO `sys_dict_type` VALUES (4, '任务状态', 'sys_job_status', '0', 'admin', '2024-04-28 16:32:47', '', NULL, '任务状态列表');
INSERT INTO `sys_dict_type` VALUES (5, '任务分组', 'sys_job_group', '0', 'admin', '2024-04-28 16:32:47', '', NULL, '任务分组列表');
INSERT INTO `sys_dict_type` VALUES (6, '系统是否', 'sys_yes_no', '0', 'admin', '2024-04-28 16:32:47', '', NULL, '系统是否列表');
INSERT INTO `sys_dict_type` VALUES (7, '通知类型', 'sys_notice_type', '0', 'admin', '2024-04-28 16:32:47', '', NULL, '通知类型列表');
INSERT INTO `sys_dict_type` VALUES (8, '通知状态', 'sys_notice_status', '0', 'admin', '2024-04-28 16:32:47', '', NULL, '通知状态列表');
INSERT INTO `sys_dict_type` VALUES (9, '操作类型', 'sys_oper_type', '0', 'admin', '2024-04-28 16:32:47', '', NULL, '操作类型列表');
INSERT INTO `sys_dict_type` VALUES (10, '系统状态', 'sys_common_status', '0', 'admin', '2024-04-28 16:32:47', '', NULL, '登录状态列表');
INSERT INTO `sys_dict_type` VALUES (11, '删除标识', 'del_flag', '0', 'admin', '2025-04-09 12:04:46', '', NULL, NULL);
COMMIT;

-- ----------------------------
-- Table structure for sys_logininfor
-- ----------------------------
DROP TABLE IF EXISTS `sys_logininfor`;
CREATE TABLE `sys_logininfor` (
  `info_id` bigint NOT NULL AUTO_INCREMENT COMMENT '访问ID',
  `user_name` varchar(50) CHARACTER SET utf8mb4 COLLATE utf8mb4_general_ci DEFAULT '' COMMENT '用户账号',
  `ipaddr` varchar(128) CHARACTER SET utf8mb4 COLLATE utf8mb4_general_ci DEFAULT '' COMMENT '登录IP地址',
  `login_location` varchar(255) CHARACTER SET utf8mb4 COLLATE utf8mb4_general_ci DEFAULT '' COMMENT '登录地点',
  `browser` varchar(50) CHARACTER SET utf8mb4 COLLATE utf8mb4_general_ci DEFAULT '' COMMENT '浏览器类型',
  `os` varchar(50) CHARACTER SET utf8mb4 COLLATE utf8mb4_general_ci DEFAULT '' COMMENT '操作系统',
  `status` char(1) CHARACTER SET utf8mb4 COLLATE utf8mb4_general_ci DEFAULT '0' COMMENT '登录状态（0成功 1失败）',
  `msg` varchar(255) CHARACTER SET utf8mb4 COLLATE utf8mb4_general_ci DEFAULT '' COMMENT '提示消息',
  `login_time` datetime DEFAULT NULL COMMENT '访问时间',
  PRIMARY KEY (`info_id`) USING BTREE,
  KEY `idx_sys_logininfor_s` (`status`) USING BTREE,
  KEY `idx_sys_logininfor_lt` (`login_time`) USING BTREE
) ENGINE=InnoDB AUTO_INCREMENT=161 DEFAULT CHARSET=utf8mb4 COLLATE=utf8mb4_general_ci COMMENT='系统访问记录';

-- ----------------------------
-- Records of sys_logininfor
-- ----------------------------
BEGIN;
INSERT INTO `sys_logininfor` VALUES (100, 'admin', '127.0.0.1', '内网IP', 'Chrome 12', 'Mac OS X', '1', '验证码错误', '2024-04-28 16:35:29');
INSERT INTO `sys_logininfor` VALUES (101, 'admin', '127.0.0.1', '内网IP', 'Chrome 12', 'Mac OS X', '1', '验证码错误', '2024-04-28 16:35:33');
INSERT INTO `sys_logininfor` VALUES (102, 'admin', '127.0.0.1', '内网IP', 'Chrome 12', 'Mac OS X', '0', '登录成功', '2024-04-28 16:35:37');
INSERT INTO `sys_logininfor` VALUES (103, 'admin', '127.0.0.1', '内网IP', 'Chrome 12', 'Mac OS X', '0', '登录成功', '2024-04-29 09:47:24');
INSERT INTO `sys_logininfor` VALUES (104, 'admin', '127.0.0.1', '内网IP', 'Chrome 12', 'Mac OS X', '0', '退出成功', '2024-04-29 10:10:18');
INSERT INTO `sys_logininfor` VALUES (105, 'admin', '127.0.0.1', '内网IP', 'Chrome 12', 'Mac OS X', '0', '登录成功', '2024-04-29 10:10:24');
INSERT INTO `sys_logininfor` VALUES (106, 'admin', '127.0.0.1', '内网IP', 'Chrome 12', 'Mac OS X', '0', '登录成功', '2024-04-29 17:20:40');
INSERT INTO `sys_logininfor` VALUES (107, 'admin', '127.0.0.1', '内网IP', 'Chrome 12', 'Mac OS X', '0', '登录成功', '2024-05-06 11:13:58');
INSERT INTO `sys_logininfor` VALUES (108, 'admin', '127.0.0.1', '内网IP', 'Chrome 12', 'Mac OS X', '0', '登录成功', '2024-05-07 15:32:01');
INSERT INTO `sys_logininfor` VALUES (109, 'admin', '127.0.0.1', '内网IP', 'Chrome 12', 'Mac OS X', '0', '登录成功', '2024-05-07 16:36:00');
INSERT INTO `sys_logininfor` VALUES (110, 'admin', '172.16.80.1', '内网IP', 'Chrome 12', 'Mac OS X', '0', '登录成功', '2024-05-07 17:32:56');
INSERT INTO `sys_logininfor` VALUES (111, 'admin', '172.16.80.1', '内网IP', 'Chrome 12', 'Mac OS X', '0', '登录成功', '2024-05-08 10:48:52');
INSERT INTO `sys_logininfor` VALUES (112, 'admin', '172.16.80.1', '内网IP', 'Chrome 12', 'Mac OS X', '0', '登录成功', '2024-05-08 14:46:07');
INSERT INTO `sys_logininfor` VALUES (113, 'admin', '172.16.80.1', '内网IP', 'Chrome 12', 'Mac OS X', '0', '退出成功', '2024-05-08 18:39:51');
INSERT INTO `sys_logininfor` VALUES (114, 'admin', '172.16.80.1', '内网IP', 'Chrome 12', 'Mac OS X', '0', '登录成功', '2024-05-08 18:39:58');
INSERT INTO `sys_logininfor` VALUES (115, 'admin', '172.16.80.1', '内网IP', 'Chrome 12', 'Mac OS X', '0', '登录成功', '2024-05-09 09:56:50');
INSERT INTO `sys_logininfor` VALUES (116, 'admin', '172.16.80.1', '内网IP', 'Chrome 12', 'Mac OS X', '0', '登录成功', '2024-05-09 15:48:40');
INSERT INTO `sys_logininfor` VALUES (117, 'admin', '172.16.80.1', '内网IP', 'Chrome 12', 'Mac OS X', '0', '登录成功', '2024-05-09 17:57:56');
INSERT INTO `sys_logininfor` VALUES (118, 'admin', '192.168.2.116', '内网IP', 'Chrome 12', 'Mac OS X', '0', '退出成功', '2024-05-09 18:09:24');
INSERT INTO `sys_logininfor` VALUES (119, 'admin', '192.168.2.116', '内网IP', 'Chrome 12', 'Mac OS X', '0', '登录成功', '2024-05-09 18:09:28');
INSERT INTO `sys_logininfor` VALUES (120, 'admin', '192.168.4.172', '内网IP', 'Chrome 12', 'Windows 10', '0', '登录成功', '2024-05-10 08:53:36');
INSERT INTO `sys_logininfor` VALUES (121, 'admin', '192.168.4.172', '内网IP', 'Chrome 12', 'Windows 10', '0', '退出成功', '2024-05-10 10:46:09');
INSERT INTO `sys_logininfor` VALUES (122, 'admin', '192.168.4.172', '内网IP', 'Chrome 12', 'Windows 10', '0', '登录成功', '2024-05-10 10:55:58');
INSERT INTO `sys_logininfor` VALUES (123, 'kz', '192.168.4.172', '内网IP', 'Chrome 12', 'Windows 10', '1', '用户不存在/密码错误', '2024-05-10 16:46:24');
INSERT INTO `sys_logininfor` VALUES (124, 'admin', '192.168.4.172', '内网IP', 'Chrome 12', 'Windows 10', '0', '登录成功', '2024-05-10 16:46:40');
INSERT INTO `sys_logininfor` VALUES (125, 'admin', '192.168.4.172', '内网IP', 'Chrome 12', 'Windows 10', '0', '登录成功', '2024-05-10 17:02:41');
INSERT INTO `sys_logininfor` VALUES (126, 'admin', '192.168.4.172', '内网IP', 'Chrome 12', 'Windows 10', '0', '登录成功', '2024-05-11 08:55:20');
INSERT INTO `sys_logininfor` VALUES (127, 'admin', '192.168.4.172', '内网IP', 'Chrome 12', 'Windows 10', '0', '登录成功', '2024-05-11 14:03:43');
INSERT INTO `sys_logininfor` VALUES (128, 'admin', '192.168.2.116', '内网IP', 'Chrome 12', 'Mac OS X', '0', '登录成功', '2024-05-11 14:14:55');
INSERT INTO `sys_logininfor` VALUES (129, 'admin', '192.168.4.172', '内网IP', 'Chrome 12', 'Windows 10', '0', '登录成功', '2024-05-11 16:53:10');
INSERT INTO `sys_logininfor` VALUES (130, 'admin', '192.168.4.172', '内网IP', 'Chrome 12', 'Windows 10', '0', '登录成功', '2024-05-13 09:22:12');
INSERT INTO `sys_logininfor` VALUES (131, 'admin', '172.16.80.1', '内网IP', 'Chrome 12', 'Mac OS X', '0', '登录成功', '2024-05-13 10:13:40');
INSERT INTO `sys_logininfor` VALUES (132, 'admin', '192.168.2.116', '内网IP', 'Chrome 12', 'Mac OS X', '0', '登录成功', '2024-05-13 15:18:14');
INSERT INTO `sys_logininfor` VALUES (133, 'admin', '172.16.80.1', '内网IP', 'Chrome 12', 'Mac OS X', '0', '退出成功', '2024-05-13 16:31:25');
INSERT INTO `sys_logininfor` VALUES (134, 'admin', '172.16.80.1', '内网IP', 'Chrome 12', 'Mac OS X', '0', '登录成功', '2024-05-13 16:31:33');
INSERT INTO `sys_logininfor` VALUES (135, 'admin', '192.168.4.172', '内网IP', 'Chrome 12', 'Windows 10', '0', '登录成功', '2024-05-13 17:34:57');
INSERT INTO `sys_logininfor` VALUES (136, 'admin', '192.168.4.172', '内网IP', 'Chrome 12', 'Windows 10', '0', '登录成功', '2024-05-15 10:16:51');
INSERT INTO `sys_logininfor` VALUES (137, 'admin', '192.168.4.172', '内网IP', 'Chrome 12', 'Windows 10', '0', '登录成功', '2024-05-16 09:40:18');
INSERT INTO `sys_logininfor` VALUES (138, 'admin', '192.168.4.172', '内网IP', 'Chrome 12', 'Windows 10', '1', '用户不存在/密码错误', '2024-05-17 15:25:10');
INSERT INTO `sys_logininfor` VALUES (139, 'admin', '192.168.4.172', '内网IP', 'Chrome 12', 'Windows 10', '1', '密码输入错误1次', '2024-05-17 15:25:10');
INSERT INTO `sys_logininfor` VALUES (140, 'admin', '192.168.4.172', '内网IP', 'Chrome 12', 'Windows 10', '1', '密码输入错误2次', '2024-05-17 15:25:24');
INSERT INTO `sys_logininfor` VALUES (141, 'admin', '192.168.4.172', '内网IP', 'Chrome 12', 'Windows 10', '1', '用户不存在/密码错误', '2024-05-17 15:25:24');
INSERT INTO `sys_logininfor` VALUES (142, 'admin', '192.168.4.172', '内网IP', 'Chrome 12', 'Windows 10', '1', '密码输入错误3次', '2024-05-17 15:28:47');
INSERT INTO `sys_logininfor` VALUES (143, 'admin', '192.168.4.172', '内网IP', 'Chrome 12', 'Windows 10', '1', '用户不存在/密码错误', '2024-05-17 15:28:47');
INSERT INTO `sys_logininfor` VALUES (144, 'admin', '192.168.4.172', '内网IP', 'Chrome 12', 'Windows 10', '0', '登录成功', '2024-05-17 15:29:36');
INSERT INTO `sys_logininfor` VALUES (145, 'admin', '127.0.0.1', '内网IP', 'Chrome 12', 'Mac OS X', '0', '登录成功', '2024-06-20 18:05:21');
INSERT INTO `sys_logininfor` VALUES (146, 'admin', '192.168.4.64', '内网IP', 'Chrome 12', 'Mac OS X', '0', '登录成功', '2024-06-24 12:02:27');
INSERT INTO `sys_logininfor` VALUES (147, 'admin', '127.0.0.1', '内网IP', 'Chrome 12', 'Windows 10', '0', '登录成功', '2024-07-19 11:27:58');
INSERT INTO `sys_logininfor` VALUES (148, 'admin', '127.0.0.1', '内网IP', 'Chrome 12', 'Windows 10', '0', '退出成功', '2024-07-19 11:34:20');
INSERT INTO `sys_logininfor` VALUES (149, 'admin', '127.0.0.1', '内网IP', 'Chrome 12', 'Windows 10', '0', '登录成功', '2024-07-19 11:34:24');
INSERT INTO `sys_logininfor` VALUES (150, 'admin', '127.0.0.1', '内网IP', 'Chrome 12', 'Mac OS X', '1', '验证码错误', '2025-04-07 17:19:09');
INSERT INTO `sys_logininfor` VALUES (151, 'admin', '127.0.0.1', '内网IP', 'Chrome 12', 'Mac OS X', '1', '验证码错误', '2025-04-07 17:19:13');
INSERT INTO `sys_logininfor` VALUES (152, 'admin', '127.0.0.1', '内网IP', 'Chrome 12', 'Mac OS X', '0', '登录成功', '2025-04-07 17:19:22');
INSERT INTO `sys_logininfor` VALUES (153, 'admin', '127.0.0.1', '内网IP', 'Chrome 12', 'Mac OS X', '1', '验证码错误', '2025-04-08 11:14:56');
INSERT INTO `sys_logininfor` VALUES (154, 'admin', '127.0.0.1', '内网IP', 'Chrome 12', 'Mac OS X', '1', '验证码错误', '2025-04-08 11:15:01');
INSERT INTO `sys_logininfor` VALUES (155, 'admin', '127.0.0.1', '内网IP', 'Chrome 12', 'Mac OS X', '0', '登录成功', '2025-04-08 11:15:12');
INSERT INTO `sys_logininfor` VALUES (156, 'admin', '127.0.0.1', '内网IP', 'Chrome 12', 'Mac OS X', '0', '登录成功', '2025-04-08 16:32:34');
INSERT INTO `sys_logininfor` VALUES (157, 'admin', '127.0.0.1', '内网IP', 'Chrome 12', 'Mac OS X', '0', '登录成功', '2025-04-09 12:03:19');
INSERT INTO `sys_logininfor` VALUES (158, 'admin', '127.0.0.1', '内网IP', 'Chrome 12', 'Mac OS X', '0', '登录成功', '2025-04-09 19:35:03');
INSERT INTO `sys_logininfor` VALUES (159, 'admin', '127.0.0.1', '内网IP', 'Chrome 12', 'Mac OS X', '0', '登录成功', '2025-04-11 16:37:19');
INSERT INTO `sys_logininfor` VALUES (160, 'admin', '127.0.0.1', '内网IP', 'Chrome 12', 'Mac OS X', '0', '登录成功', '2025-04-17 15:06:43');
COMMIT;

-- ----------------------------
-- Table structure for sys_menu
-- ----------------------------
DROP TABLE IF EXISTS `sys_menu`;
CREATE TABLE `sys_menu` (
  `menu_id` bigint NOT NULL AUTO_INCREMENT COMMENT '菜单ID',
  `menu_name` varchar(50) CHARACTER SET utf8mb4 COLLATE utf8mb4_general_ci NOT NULL COMMENT '菜单名称',
  `parent_id` bigint DEFAULT '0' COMMENT '父菜单ID',
  `order_num` int DEFAULT '0' COMMENT '显示顺序',
  `path` varchar(200) CHARACTER SET utf8mb4 COLLATE utf8mb4_general_ci DEFAULT '' COMMENT '路由地址',
  `component` varchar(255) CHARACTER SET utf8mb4 COLLATE utf8mb4_general_ci DEFAULT NULL COMMENT '组件路径',
  `query` varchar(255) CHARACTER SET utf8mb4 COLLATE utf8mb4_general_ci DEFAULT NULL COMMENT '路由参数',
  `is_frame` int DEFAULT '1' COMMENT '是否为外链（0是 1否）',
  `is_cache` int DEFAULT '0' COMMENT '是否缓存（0缓存 1不缓存）',
  `menu_type` char(1) CHARACTER SET utf8mb4 COLLATE utf8mb4_general_ci DEFAULT '' COMMENT '菜单类型（M目录 C菜单 F按钮）',
  `visible` char(1) CHARACTER SET utf8mb4 COLLATE utf8mb4_general_ci DEFAULT '0' COMMENT '菜单状态（0显示 1隐藏）',
  `status` char(1) CHARACTER SET utf8mb4 COLLATE utf8mb4_general_ci DEFAULT '0' COMMENT '菜单状态（0正常 1停用）',
  `perms` varchar(100) CHARACTER SET utf8mb4 COLLATE utf8mb4_general_ci DEFAULT NULL COMMENT '权限标识',
  `icon` varchar(100) CHARACTER SET utf8mb4 COLLATE utf8mb4_general_ci DEFAULT '#' COMMENT '菜单图标',
  `create_by` varchar(64) CHARACTER SET utf8mb4 COLLATE utf8mb4_general_ci DEFAULT '' COMMENT '创建者',
  `create_time` datetime DEFAULT NULL COMMENT '创建时间',
  `update_by` varchar(64) CHARACTER SET utf8mb4 COLLATE utf8mb4_general_ci DEFAULT '' COMMENT '更新者',
  `update_time` datetime DEFAULT NULL COMMENT '更新时间',
  `remark` varchar(500) CHARACTER SET utf8mb4 COLLATE utf8mb4_general_ci DEFAULT '' COMMENT '备注',
  PRIMARY KEY (`menu_id`) USING BTREE
) ENGINE=InnoDB AUTO_INCREMENT=1061 DEFAULT CHARSET=utf8mb4 COLLATE=utf8mb4_general_ci COMMENT='菜单权限表';

-- ----------------------------
-- Records of sys_menu
-- ----------------------------
BEGIN;
INSERT INTO `sys_menu` VALUES (1, '系统管理', 0, 1, 'system', NULL, '', 1, 0, 'M', '0', '0', '', 'system', 'admin', '2024-04-28 16:32:46', 'admin', '2024-05-13 10:14:46', '系统管理目录');
INSERT INTO `sys_menu` VALUES (2, '系统监控', 0, 2, 'monitor', NULL, '', 1, 0, 'M', '0', '0', '', 'monitor', 'admin', '2024-04-28 16:32:46', '', NULL, '系统监控目录');
INSERT INTO `sys_menu` VALUES (3, '系统工具', 0, 3, 'tool', NULL, '', 1, 0, 'M', '0', '0', '', 'tool', 'admin', '2024-04-28 16:32:46', '', NULL, '系统工具目录');
INSERT INTO `sys_menu` VALUES (100, '用户管理', 1, 1, 'user', 'system/user/index', '', 1, 0, 'C', '0', '0', 'system:user:list', 'user', 'admin', '2024-04-28 16:32:46', '', NULL, '用户管理菜单');
INSERT INTO `sys_menu` VALUES (101, '角色管理', 1, 2, 'role', 'system/role/index', '', 1, 0, 'C', '0', '0', 'system:role:list', 'peoples', 'admin', '2024-04-28 16:32:46', '', NULL, '角色管理菜单');
INSERT INTO `sys_menu` VALUES (102, '菜单管理', 1, 3, 'menu', 'system/menu/index', '', 1, 0, 'C', '0', '0', 'system:menu:list', 'tree-table', 'admin', '2024-04-28 16:32:46', '', NULL, '菜单管理菜单');
INSERT INTO `sys_menu` VALUES (103, '部门管理', 1, 4, 'dept', 'system/dept/index', '', 1, 0, 'C', '0', '0', 'system:dept:list', 'tree', 'admin', '2024-04-28 16:32:46', '', NULL, '部门管理菜单');
INSERT INTO `sys_menu` VALUES (104, '岗位管理', 1, 5, 'post', 'system/post/index', '', 1, 0, 'C', '0', '0', 'system:post:list', 'post', 'admin', '2024-04-28 16:32:46', '', NULL, '岗位管理菜单');
INSERT INTO `sys_menu` VALUES (105, '字典管理', 1, 6, 'dict', 'system/dict/index', '', 1, 0, 'C', '0', '0', 'system:dict:list', 'dict', 'admin', '2024-04-28 16:32:46', '', NULL, '字典管理菜单');
INSERT INTO `sys_menu` VALUES (106, '参数设置', 1, 7, 'config', 'system/config/index', '', 1, 0, 'C', '0', '0', 'system:config:list', 'edit', 'admin', '2024-04-28 16:32:46', '', NULL, '参数设置菜单');
INSERT INTO `sys_menu` VALUES (107, '通知公告', 1, 8, 'notice', 'system/notice/index', '', 1, 0, 'C', '0', '0', 'system:notice:list', 'message', 'admin', '2024-04-28 16:32:46', '', NULL, '通知公告菜单');
INSERT INTO `sys_menu` VALUES (108, '日志管理', 1, 9, 'log', '', '', 1, 0, 'M', '0', '0', '', 'log', 'admin', '2024-04-28 16:32:46', '', NULL, '日志管理菜单');
INSERT INTO `sys_menu` VALUES (109, '在线用户', 2, 1, 'online', 'monitor/online/index', '', 1, 0, 'C', '0', '0', 'monitor:online:list', 'online', 'admin', '2024-04-28 16:32:46', '', NULL, '在线用户菜单');
INSERT INTO `sys_menu` VALUES (110, '定时任务', 2, 2, 'job', 'monitor/job/index', '', 1, 0, 'C', '0', '1', 'monitor:job:list', 'job', 'admin', '2024-04-28 16:32:46', 'admin', '2024-06-20 18:52:45', '定时任务菜单');
INSERT INTO `sys_menu` VALUES (112, '服务监控', 2, 4, 'server', 'monitor/server/index', '', 1, 0, 'C', '0', '1', 'monitor:server:list', 'server', 'admin', '2024-04-28 16:32:46', 'admin', '2024-06-20 18:53:54', '服务监控菜单');
INSERT INTO `sys_menu` VALUES (113, '缓存监控', 2, 5, 'cache', 'monitor/cache/index', '', 1, 0, 'C', '0', '1', 'monitor:cache:list', 'redis', 'admin', '2024-04-28 16:32:46', 'admin', '2024-06-20 18:53:58', '缓存监控菜单');
INSERT INTO `sys_menu` VALUES (114, '缓存列表', 2, 6, 'cacheList', 'monitor/cache/list', '', 1, 0, 'C', '0', '1', 'monitor:cache:list', 'redis-list', 'admin', '2024-04-28 16:32:46', 'admin', '2024-06-20 18:54:02', '缓存列表菜单');
INSERT INTO `sys_menu` VALUES (115, '表单构建', 3, 1, 'build', 'tool/build/index', '', 1, 0, 'C', '0', '1', 'tool:build:list', 'build', 'admin', '2024-04-28 16:32:46', 'admin', '2024-06-20 18:53:47', '表单构建菜单');
INSERT INTO `sys_menu` VALUES (116, '代码生成', 3, 2, 'gen', 'tool/gen/index', '', 1, 0, 'C', '0', '0', 'tool:gen:list', 'code', 'admin', '2024-04-28 16:32:46', '', NULL, '代码生成菜单');
INSERT INTO `sys_menu` VALUES (500, '操作日志', 108, 1, 'operlog', 'monitor/operlog/index', '', 1, 0, 'C', '0', '0', 'monitor:operlog:list', 'form', 'admin', '2024-04-28 16:32:46', '', NULL, '操作日志菜单');
INSERT INTO `sys_menu` VALUES (501, '登录日志', 108, 2, 'logininfor', 'monitor/logininfor/index', '', 1, 0, 'C', '0', '0', 'monitor:logininfor:list', 'logininfor', 'admin', '2024-04-28 16:32:46', '', NULL, '登录日志菜单');
INSERT INTO `sys_menu` VALUES (1000, '用户查询', 100, 1, '', '', '', 1, 0, 'F', '0', '0', 'system:user:query', '#', 'admin', '2024-04-28 16:32:46', '', NULL, '');
INSERT INTO `sys_menu` VALUES (1001, '用户新增', 100, 2, '', '', '', 1, 0, 'F', '0', '0', 'system:user:add', '#', 'admin', '2024-04-28 16:32:46', '', NULL, '');
INSERT INTO `sys_menu` VALUES (1002, '用户修改', 100, 3, '', '', '', 1, 0, 'F', '0', '0', 'system:user:edit', '#', 'admin', '2024-04-28 16:32:46', '', NULL, '');
INSERT INTO `sys_menu` VALUES (1003, '用户删除', 100, 4, '', '', '', 1, 0, 'F', '0', '0', 'system:user:remove', '#', 'admin', '2024-04-28 16:32:46', '', NULL, '');
INSERT INTO `sys_menu` VALUES (1004, '用户导出', 100, 5, '', '', '', 1, 0, 'F', '0', '0', 'system:user:export', '#', 'admin', '2024-04-28 16:32:46', '', NULL, '');
INSERT INTO `sys_menu` VALUES (1005, '用户导入', 100, 6, '', '', '', 1, 0, 'F', '0', '0', 'system:user:import', '#', 'admin', '2024-04-28 16:32:46', '', NULL, '');
INSERT INTO `sys_menu` VALUES (1006, '重置密码', 100, 7, '', '', '', 1, 0, 'F', '0', '0', 'system:user:resetPwd', '#', 'admin', '2024-04-28 16:32:46', '', NULL, '');
INSERT INTO `sys_menu` VALUES (1007, '角色查询', 101, 1, '', '', '', 1, 0, 'F', '0', '0', 'system:role:query', '#', 'admin', '2024-04-28 16:32:46', '', NULL, '');
INSERT INTO `sys_menu` VALUES (1008, '角色新增', 101, 2, '', '', '', 1, 0, 'F', '0', '0', 'system:role:add', '#', 'admin', '2024-04-28 16:32:46', '', NULL, '');
INSERT INTO `sys_menu` VALUES (1009, '角色修改', 101, 3, '', '', '', 1, 0, 'F', '0', '0', 'system:role:edit', '#', 'admin', '2024-04-28 16:32:46', '', NULL, '');
INSERT INTO `sys_menu` VALUES (1010, '角色删除', 101, 4, '', '', '', 1, 0, 'F', '0', '0', 'system:role:remove', '#', 'admin', '2024-04-28 16:32:46', '', NULL, '');
INSERT INTO `sys_menu` VALUES (1011, '角色导出', 101, 5, '', '', '', 1, 0, 'F', '0', '0', 'system:role:export', '#', 'admin', '2024-04-28 16:32:46', '', NULL, '');
INSERT INTO `sys_menu` VALUES (1012, '菜单查询', 102, 1, '', '', '', 1, 0, 'F', '0', '0', 'system:menu:query', '#', 'admin', '2024-04-28 16:32:46', '', NULL, '');
INSERT INTO `sys_menu` VALUES (1013, '菜单新增', 102, 2, '', '', '', 1, 0, 'F', '0', '0', 'system:menu:add', '#', 'admin', '2024-04-28 16:32:46', '', NULL, '');
INSERT INTO `sys_menu` VALUES (1014, '菜单修改', 102, 3, '', '', '', 1, 0, 'F', '0', '0', 'system:menu:edit', '#', 'admin', '2024-04-28 16:32:46', '', NULL, '');
INSERT INTO `sys_menu` VALUES (1015, '菜单删除', 102, 4, '', '', '', 1, 0, 'F', '0', '0', 'system:menu:remove', '#', 'admin', '2024-04-28 16:32:46', '', NULL, '');
INSERT INTO `sys_menu` VALUES (1016, '部门查询', 103, 1, '', '', '', 1, 0, 'F', '0', '0', 'system:dept:query', '#', 'admin', '2024-04-28 16:32:46', '', NULL, '');
INSERT INTO `sys_menu` VALUES (1017, '部门新增', 103, 2, '', '', '', 1, 0, 'F', '0', '0', 'system:dept:add', '#', 'admin', '2024-04-28 16:32:46', '', NULL, '');
INSERT INTO `sys_menu` VALUES (1018, '部门修改', 103, 3, '', '', '', 1, 0, 'F', '0', '0', 'system:dept:edit', '#', 'admin', '2024-04-28 16:32:46', '', NULL, '');
INSERT INTO `sys_menu` VALUES (1019, '部门删除', 103, 4, '', '', '', 1, 0, 'F', '0', '0', 'system:dept:remove', '#', 'admin', '2024-04-28 16:32:46', '', NULL, '');
INSERT INTO `sys_menu` VALUES (1020, '岗位查询', 104, 1, '', '', '', 1, 0, 'F', '0', '0', 'system:post:query', '#', 'admin', '2024-04-28 16:32:46', '', NULL, '');
INSERT INTO `sys_menu` VALUES (1021, '岗位新增', 104, 2, '', '', '', 1, 0, 'F', '0', '0', 'system:post:add', '#', 'admin', '2024-04-28 16:32:46', '', NULL, '');
INSERT INTO `sys_menu` VALUES (1022, '岗位修改', 104, 3, '', '', '', 1, 0, 'F', '0', '0', 'system:post:edit', '#', 'admin', '2024-04-28 16:32:46', '', NULL, '');
INSERT INTO `sys_menu` VALUES (1023, '岗位删除', 104, 4, '', '', '', 1, 0, 'F', '0', '0', 'system:post:remove', '#', 'admin', '2024-04-28 16:32:46', '', NULL, '');
INSERT INTO `sys_menu` VALUES (1024, '岗位导出', 104, 5, '', '', '', 1, 0, 'F', '0', '0', 'system:post:export', '#', 'admin', '2024-04-28 16:32:46', '', NULL, '');
INSERT INTO `sys_menu` VALUES (1025, '字典查询', 105, 1, '#', '', '', 1, 0, 'F', '0', '0', 'system:dict:query', '#', 'admin', '2024-04-28 16:32:46', '', NULL, '');
INSERT INTO `sys_menu` VALUES (1026, '字典新增', 105, 2, '#', '', '', 1, 0, 'F', '0', '0', 'system:dict:add', '#', 'admin', '2024-04-28 16:32:46', '', NULL, '');
INSERT INTO `sys_menu` VALUES (1027, '字典修改', 105, 3, '#', '', '', 1, 0, 'F', '0', '0', 'system:dict:edit', '#', 'admin', '2024-04-28 16:32:46', '', NULL, '');
INSERT INTO `sys_menu` VALUES (1028, '字典删除', 105, 4, '#', '', '', 1, 0, 'F', '0', '0', 'system:dict:remove', '#', 'admin', '2024-04-28 16:32:46', '', NULL, '');
INSERT INTO `sys_menu` VALUES (1029, '字典导出', 105, 5, '#', '', '', 1, 0, 'F', '0', '0', 'system:dict:export', '#', 'admin', '2024-04-28 16:32:46', '', NULL, '');
INSERT INTO `sys_menu` VALUES (1030, '参数查询', 106, 1, '#', '', '', 1, 0, 'F', '0', '0', 'system:config:query', '#', 'admin', '2024-04-28 16:32:46', '', NULL, '');
INSERT INTO `sys_menu` VALUES (1031, '参数新增', 106, 2, '#', '', '', 1, 0, 'F', '0', '0', 'system:config:add', '#', 'admin', '2024-04-28 16:32:46', '', NULL, '');
INSERT INTO `sys_menu` VALUES (1032, '参数修改', 106, 3, '#', '', '', 1, 0, 'F', '0', '0', 'system:config:edit', '#', 'admin', '2024-04-28 16:32:46', '', NULL, '');
INSERT INTO `sys_menu` VALUES (1033, '参数删除', 106, 4, '#', '', '', 1, 0, 'F', '0', '0', 'system:config:remove', '#', 'admin', '2024-04-28 16:32:46', '', NULL, '');
INSERT INTO `sys_menu` VALUES (1034, '参数导出', 106, 5, '#', '', '', 1, 0, 'F', '0', '0', 'system:config:export', '#', 'admin', '2024-04-28 16:32:46', '', NULL, '');
INSERT INTO `sys_menu` VALUES (1035, '公告查询', 107, 1, '#', '', '', 1, 0, 'F', '0', '0', 'system:notice:query', '#', 'admin', '2024-04-28 16:32:46', '', NULL, '');
INSERT INTO `sys_menu` VALUES (1036, '公告新增', 107, 2, '#', '', '', 1, 0, 'F', '0', '0', 'system:notice:add', '#', 'admin', '2024-04-28 16:32:46', '', NULL, '');
INSERT INTO `sys_menu` VALUES (1037, '公告修改', 107, 3, '#', '', '', 1, 0, 'F', '0', '0', 'system:notice:edit', '#', 'admin', '2024-04-28 16:32:46', '', NULL, '');
INSERT INTO `sys_menu` VALUES (1038, '公告删除', 107, 4, '#', '', '', 1, 0, 'F', '0', '0', 'system:notice:remove', '#', 'admin', '2024-04-28 16:32:46', '', NULL, '');
INSERT INTO `sys_menu` VALUES (1039, '操作查询', 500, 1, '#', '', '', 1, 0, 'F', '0', '0', 'monitor:operlog:query', '#', 'admin', '2024-04-28 16:32:46', '', NULL, '');
INSERT INTO `sys_menu` VALUES (1040, '操作删除', 500, 2, '#', '', '', 1, 0, 'F', '0', '0', 'monitor:operlog:remove', '#', 'admin', '2024-04-28 16:32:46', '', NULL, '');
INSERT INTO `sys_menu` VALUES (1041, '日志导出', 500, 3, '#', '', '', 1, 0, 'F', '0', '0', 'monitor:operlog:export', '#', 'admin', '2024-04-28 16:32:46', '', NULL, '');
INSERT INTO `sys_menu` VALUES (1042, '登录查询', 501, 1, '#', '', '', 1, 0, 'F', '0', '0', 'monitor:logininfor:query', '#', 'admin', '2024-04-28 16:32:46', '', NULL, '');
INSERT INTO `sys_menu` VALUES (1043, '登录删除', 501, 2, '#', '', '', 1, 0, 'F', '0', '0', 'monitor:logininfor:remove', '#', 'admin', '2024-04-28 16:32:46', '', NULL, '');
INSERT INTO `sys_menu` VALUES (1044, '日志导出', 501, 3, '#', '', '', 1, 0, 'F', '0', '0', 'monitor:logininfor:export', '#', 'admin', '2024-04-28 16:32:46', '', NULL, '');
INSERT INTO `sys_menu` VALUES (1045, '账户解锁', 501, 4, '#', '', '', 1, 0, 'F', '0', '0', 'monitor:logininfor:unlock', '#', 'admin', '2024-04-28 16:32:46', '', NULL, '');
INSERT INTO `sys_menu` VALUES (1046, '在线查询', 109, 1, '#', '', '', 1, 0, 'F', '0', '0', 'monitor:online:query', '#', 'admin', '2024-04-28 16:32:46', '', NULL, '');
INSERT INTO `sys_menu` VALUES (1047, '批量强退', 109, 2, '#', '', '', 1, 0, 'F', '0', '0', 'monitor:online:batchLogout', '#', 'admin', '2024-04-28 16:32:46', '', NULL, '');
INSERT INTO `sys_menu` VALUES (1048, '单条强退', 109, 3, '#', '', '', 1, 0, 'F', '0', '0', 'monitor:online:forceLogout', '#', 'admin', '2024-04-28 16:32:46', '', NULL, '');
INSERT INTO `sys_menu` VALUES (1049, '任务查询', 110, 1, '#', '', '', 1, 0, 'F', '0', '0', 'monitor:job:query', '#', 'admin', '2024-04-28 16:32:46', '', NULL, '');
INSERT INTO `sys_menu` VALUES (1050, '任务新增', 110, 2, '#', '', '', 1, 0, 'F', '0', '0', 'monitor:job:add', '#', 'admin', '2024-04-28 16:32:46', '', NULL, '');
INSERT INTO `sys_menu` VALUES (1051, '任务修改', 110, 3, '#', '', '', 1, 0, 'F', '0', '0', 'monitor:job:edit', '#', 'admin', '2024-04-28 16:32:46', '', NULL, '');
INSERT INTO `sys_menu` VALUES (1052, '任务删除', 110, 4, '#', '', '', 1, 0, 'F', '0', '0', 'monitor:job:remove', '#', 'admin', '2024-04-28 16:32:46', '', NULL, '');
INSERT INTO `sys_menu` VALUES (1053, '状态修改', 110, 5, '#', '', '', 1, 0, 'F', '0', '0', 'monitor:job:changeStatus', '#', 'admin', '2024-04-28 16:32:46', '', NULL, '');
INSERT INTO `sys_menu` VALUES (1054, '任务导出', 110, 6, '#', '', '', 1, 0, 'F', '0', '0', 'monitor:job:export', '#', 'admin', '2024-04-28 16:32:46', '', NULL, '');
INSERT INTO `sys_menu` VALUES (1055, '生成查询', 116, 1, '#', '', '', 1, 0, 'F', '0', '0', 'tool:gen:query', '#', 'admin', '2024-04-28 16:32:46', '', NULL, '');
INSERT INTO `sys_menu` VALUES (1056, '生成修改', 116, 2, '#', '', '', 1, 0, 'F', '0', '0', 'tool:gen:edit', '#', 'admin', '2024-04-28 16:32:46', '', NULL, '');
INSERT INTO `sys_menu` VALUES (1057, '生成删除', 116, 3, '#', '', '', 1, 0, 'F', '0', '0', 'tool:gen:remove', '#', 'admin', '2024-04-28 16:32:46', '', NULL, '');
INSERT INTO `sys_menu` VALUES (1058, '导入代码', 116, 4, '#', '', '', 1, 0, 'F', '0', '0', 'tool:gen:import', '#', 'admin', '2024-04-28 16:32:46', '', NULL, '');
INSERT INTO `sys_menu` VALUES (1059, '预览代码', 116, 5, '#', '', '', 1, 0, 'F', '0', '0', 'tool:gen:preview', '#', 'admin', '2024-04-28 16:32:46', '', NULL, '');
INSERT INTO `sys_menu` VALUES (1060, '生成代码', 116, 6, '#', '', '', 1, 0, 'F', '0', '0', 'tool:gen:code', '#', 'admin', '2024-04-28 16:32:46', '', NULL, '');
COMMIT;

-- ----------------------------
-- Table structure for sys_notice
-- ----------------------------
DROP TABLE IF EXISTS `sys_notice`;
CREATE TABLE `sys_notice` (
  `notice_id` int NOT NULL AUTO_INCREMENT COMMENT '公告ID',
  `notice_title` varchar(50) CHARACTER SET utf8mb4 COLLATE utf8mb4_general_ci NOT NULL COMMENT '公告标题',
  `notice_type` char(1) CHARACTER SET utf8mb4 COLLATE utf8mb4_general_ci NOT NULL COMMENT '公告类型（1通知 2公告）',
  `notice_content` longblob COMMENT '公告内容',
  `status` char(1) CHARACTER SET utf8mb4 COLLATE utf8mb4_general_ci DEFAULT '0' COMMENT '公告状态（0正常 1关闭）',
  `create_by` varchar(64) CHARACTER SET utf8mb4 COLLATE utf8mb4_general_ci DEFAULT '' COMMENT '创建者',
  `create_time` datetime DEFAULT NULL COMMENT '创建时间',
  `update_by` varchar(64) CHARACTER SET utf8mb4 COLLATE utf8mb4_general_ci DEFAULT '' COMMENT '更新者',
  `update_time` datetime DEFAULT NULL COMMENT '更新时间',
  `remark` varchar(255) CHARACTER SET utf8mb4 COLLATE utf8mb4_general_ci DEFAULT NULL COMMENT '备注',
  PRIMARY KEY (`notice_id`) USING BTREE
) ENGINE=InnoDB AUTO_INCREMENT=3 DEFAULT CHARSET=utf8mb4 COLLATE=utf8mb4_general_ci COMMENT='通知公告表';

-- ----------------------------
-- Records of sys_notice
-- ----------------------------
BEGIN;
INSERT INTO `sys_notice` VALUES (1, '温馨提醒：2018-07-01 广咨新版本发布啦', '2', 0xE696B0E78988E69CACE58685E5AEB9, '0', 'admin', '2024-04-28 16:32:47', '', NULL, '管理员');
INSERT INTO `sys_notice` VALUES (2, '维护通知：2018-07-01 广咨系统凌晨维护', '1', 0xE7BBB4E68AA4E58685E5AEB9, '0', 'admin', '2024-04-28 16:32:47', '', NULL, '管理员');
COMMIT;

-- ----------------------------
-- Table structure for sys_oper_log
-- ----------------------------
DROP TABLE IF EXISTS `sys_oper_log`;
CREATE TABLE `sys_oper_log` (
  `oper_id` bigint NOT NULL AUTO_INCREMENT COMMENT '日志主键',
  `title` varchar(50) CHARACTER SET utf8mb4 COLLATE utf8mb4_general_ci DEFAULT '' COMMENT '模块标题',
  `business_type` int DEFAULT '0' COMMENT '业务类型（0其它 1新增 2修改 3删除）',
  `method` varchar(100) CHARACTER SET utf8mb4 COLLATE utf8mb4_general_ci DEFAULT '' COMMENT '方法名称',
  `request_method` varchar(10) CHARACTER SET utf8mb4 COLLATE utf8mb4_general_ci DEFAULT '' COMMENT '请求方式',
  `operator_type` int DEFAULT '0' COMMENT '操作类别（0其它 1后台用户 2手机端用户）',
  `oper_name` varchar(50) CHARACTER SET utf8mb4 COLLATE utf8mb4_general_ci DEFAULT '' COMMENT '操作人员',
  `dept_name` varchar(50) CHARACTER SET utf8mb4 COLLATE utf8mb4_general_ci DEFAULT '' COMMENT '部门名称',
  `oper_url` varchar(255) CHARACTER SET utf8mb4 COLLATE utf8mb4_general_ci DEFAULT '' COMMENT '请求URL',
  `oper_ip` varchar(128) CHARACTER SET utf8mb4 COLLATE utf8mb4_general_ci DEFAULT '' COMMENT '主机地址',
  `oper_location` varchar(255) CHARACTER SET utf8mb4 COLLATE utf8mb4_general_ci DEFAULT '' COMMENT '操作地点',
  `oper_param` varchar(2000) CHARACTER SET utf8mb4 COLLATE utf8mb4_general_ci DEFAULT '' COMMENT '请求参数',
  `json_result` varchar(2000) CHARACTER SET utf8mb4 COLLATE utf8mb4_general_ci DEFAULT '' COMMENT '返回参数',
  `status` int DEFAULT '0' COMMENT '操作状态（0正常 1异常）',
  `error_msg` varchar(2000) CHARACTER SET utf8mb4 COLLATE utf8mb4_general_ci DEFAULT '' COMMENT '错误消息',
  `oper_time` datetime DEFAULT NULL COMMENT '操作时间',
  `cost_time` bigint DEFAULT '0' COMMENT '消耗时间',
  PRIMARY KEY (`oper_id`) USING BTREE,
  KEY `idx_sys_oper_log_bt` (`business_type`) USING BTREE,
  KEY `idx_sys_oper_log_s` (`status`) USING BTREE,
  KEY `idx_sys_oper_log_ot` (`oper_time`) USING BTREE
) ENGINE=InnoDB AUTO_INCREMENT=186 DEFAULT CHARSET=utf8mb4 COLLATE=utf8mb4_general_ci COMMENT='操作日志记录';

-- ----------------------------
-- Records of sys_oper_log
-- ----------------------------
BEGIN;
INSERT INTO `sys_oper_log` VALUES (100, '菜单管理', 3, 'com.gz.web.controller.system.SysMenuController.remove()', 'DELETE', 1, 'admin', '研发部门', '/system/menu/4', '127.0.0.1', '内网IP', '{}', '{\"msg\":\"菜单已分配,不允许删除\",\"code\":601}', 0, NULL, '2024-04-28 16:36:14', 17);
INSERT INTO `sys_oper_log` VALUES (101, '角色管理', 2, 'com.gz.web.controller.system.SysRoleController.edit()', 'PUT', 1, 'admin', '研发部门', '/system/role', '127.0.0.1', '内网IP', '{\"admin\":false,\"createTime\":\"2024-04-28 16:32:45\",\"dataScope\":\"2\",\"delFlag\":\"0\",\"deptCheckStrictly\":true,\"flag\":false,\"menuCheckStrictly\":true,\"menuIds\":[1,100,1000,1001,1002,1003,1004,1005,1006,101,1007,1008,1009,1010,1011,102,1012,1013,1014,1015,103,1016,1017,1018,1019,104,1020,1021,1022,1023,1024,105,1025,1026,1027,1028,1029,106,1030,1031,1032,1033,1034,107,1035,1036,1037,1038,108,500,1039,1040,1041,501,1042,1043,1044,1045,2,109,1046,1047,1048,110,1049,1050,1051,1052,1053,1054,111,112,113,114,3,115,116,1055,1056,1057,1058,1059,1060,117],\"params\":{},\"remark\":\"普通角色\",\"roleId\":2,\"roleKey\":\"common\",\"roleName\":\"普通角色\",\"roleSort\":2,\"status\":\"0\",\"updateBy\":\"admin\"}', '{\"msg\":\"操作成功\",\"code\":200}', 0, NULL, '2024-04-28 16:36:27', 46);
INSERT INTO `sys_oper_log` VALUES (102, '菜单管理', 3, 'com.gz.web.controller.system.SysMenuController.remove()', 'DELETE', 1, 'admin', '研发部门', '/system/menu/4', '127.0.0.1', '内网IP', '{}', '{\"msg\":\"操作成功\",\"code\":200}', 0, NULL, '2024-04-28 16:36:37', 10);
INSERT INTO `sys_oper_log` VALUES (103, '代码生成', 6, 'com.gz.generator.controller.GenController.importTableSave()', 'POST', 1, 'admin', '研发部门', '/tool/gen/importTable', '127.0.0.1', '内网IP', '{\"tables\":\"biz_demo\"}', '{\"msg\":\"操作成功\",\"code\":200}', 0, NULL, '2024-04-29 09:47:39', 187);
INSERT INTO `sys_oper_log` VALUES (104, '代码生成', 8, 'com.gz.generator.controller.GenController.batchGenCode()', 'GET', 1, 'admin', '研发部门', '/tool/gen/batchGenCode', '127.0.0.1', '内网IP', '{\"tables\":\"biz_demo\"}', NULL, 0, NULL, '2024-04-29 09:47:42', 524);
INSERT INTO `sys_oper_log` VALUES (105, '代码生成', 2, 'com.gz.generator.controller.GenController.synchDb()', 'GET', 1, 'admin', '研发部门', '/tool/gen/synchDb/biz_demo', '127.0.0.1', '内网IP', '{}', '{\"msg\":\"操作成功\",\"code\":200}', 0, NULL, '2024-04-29 10:08:45', 120);
INSERT INTO `sys_oper_log` VALUES (106, '代码生成', 8, 'com.gz.generator.controller.GenController.batchGenCode()', 'GET', 1, 'admin', '研发部门', '/tool/gen/batchGenCode', '127.0.0.1', '内网IP', '{\"tables\":\"biz_demo\"}', NULL, 0, NULL, '2024-04-29 10:08:46', 453);
INSERT INTO `sys_oper_log` VALUES (107, '代码生成', 8, 'com.gz.generator.controller.GenController.batchGenCode()', 'GET', 1, 'admin', '研发部门', '/tool/gen/batchGenCode', '127.0.0.1', '内网IP', '{\"tables\":\"biz_demo\"}', NULL, 0, NULL, '2024-04-29 10:11:09', 171);
INSERT INTO `sys_oper_log` VALUES (108, '代码生成', 3, 'com.gz.generator.controller.GenController.remove()', 'DELETE', 1, 'admin', '研发部门', '/tool/gen/1', '127.0.0.1', '内网IP', '{}', '{\"msg\":\"操作成功\",\"code\":200}', 0, NULL, '2024-04-29 10:15:59', 46);
INSERT INTO `sys_oper_log` VALUES (109, '代码生成', 6, 'com.gz.generator.controller.GenController.importTableSave()', 'POST', 1, 'admin', '研发部门', '/tool/gen/importTable', '127.0.0.1', '内网IP', '{\"tables\":\"biz_demo\"}', '{\"msg\":\"操作成功\",\"code\":200}', 0, NULL, '2024-04-29 10:16:04', 82);
INSERT INTO `sys_oper_log` VALUES (110, '代码生成', 8, 'com.gz.generator.controller.GenController.batchGenCode()', 'GET', 1, 'admin', '研发部门', '/tool/gen/batchGenCode', '127.0.0.1', '内网IP', '{\"tables\":\"biz_demo\"}', NULL, 0, NULL, '2024-04-29 10:16:17', 189);
INSERT INTO `sys_oper_log` VALUES (111, '代码生成', 6, 'com.gz.generator.controller.GenController.importTableSave()', 'POST', 1, 'admin', '研发部门', '/tool/gen/importTable', '127.0.0.1', '内网IP', '{\"tables\":\"sys_notice\"}', '{\"msg\":\"操作成功\",\"code\":200}', 0, NULL, '2024-04-29 10:25:24', 155);
INSERT INTO `sys_oper_log` VALUES (112, '代码生成', 8, 'com.gz.generator.controller.GenController.batchGenCode()', 'GET', 1, 'admin', '研发部门', '/tool/gen/batchGenCode', '127.0.0.1', '内网IP', '{\"tables\":\"sys_notice\"}', NULL, 0, NULL, '2024-04-29 10:25:27', 194);
INSERT INTO `sys_oper_log` VALUES (113, '代码生成', 6, 'com.gz.generator.controller.GenController.importTableSave()', 'POST', 1, 'admin', '研发部门', '/tool/gen/importTable', '127.0.0.1', '内网IP', '{\"tables\":\"sys_config\"}', '{\"msg\":\"操作成功\",\"code\":200}', 0, NULL, '2024-04-29 10:28:39', 102);
INSERT INTO `sys_oper_log` VALUES (114, '代码生成', 8, 'com.gz.generator.controller.GenController.batchGenCode()', 'GET', 1, 'admin', '研发部门', '/tool/gen/batchGenCode', '127.0.0.1', '内网IP', '{\"tables\":\"sys_config\"}', NULL, 0, NULL, '2024-04-29 10:28:53', 167);
INSERT INTO `sys_oper_log` VALUES (115, '代码生成', 8, 'com.gz.generator.controller.GenController.batchGenCode()', 'GET', 1, 'admin', '研发部门', '/tool/gen/batchGenCode', '127.0.0.1', '内网IP', '{\"tables\":\"sys_config\"}', NULL, 0, NULL, '2024-04-29 10:35:07', 229666);
INSERT INTO `sys_oper_log` VALUES (116, '代码生成', 8, 'com.gz.generator.controller.GenController.batchGenCode()', 'GET', 1, 'admin', '研发部门', '/tool/gen/batchGenCode', '127.0.0.1', '内网IP', '{\"tables\":\"biz_demo\"}', NULL, 0, NULL, '2024-04-29 10:44:47', 432);
INSERT INTO `sys_oper_log` VALUES (117, '代码生成', 8, 'com.gz.generator.controller.GenController.batchGenCode()', 'GET', 1, 'admin', '研发部门', '/tool/gen/batchGenCode', '127.0.0.1', '内网IP', '{\"tables\":\"biz_demo\"}', NULL, 0, NULL, '2024-04-29 10:50:01', 196);
INSERT INTO `sys_oper_log` VALUES (118, '代码生成', 8, 'com.gz.generator.controller.GenController.batchGenCode()', 'GET', 1, 'admin', '研发部门', '/tool/gen/batchGenCode', '127.0.0.1', '内网IP', '{\"tables\":\"biz_demo\"}', NULL, 0, NULL, '2024-04-29 10:58:46', 475);
INSERT INTO `sys_oper_log` VALUES (119, '代码生成', 8, 'com.gz.generator.controller.GenController.batchGenCode()', 'GET', 1, 'admin', '研发部门', '/tool/gen/batchGenCode', '127.0.0.1', '内网IP', '{\"tables\":\"biz_demo\"}', NULL, 0, NULL, '2024-04-29 17:20:49', 380);
INSERT INTO `sys_oper_log` VALUES (120, '代码生成', 2, 'com.gz.generator.controller.GenController.synchDb()', 'GET', 1, 'admin', '研发部门', '/tool/gen/synchDb/biz_demo', '172.16.80.1', '内网IP', '{}', '{\"msg\":\"操作成功\",\"code\":200}', 0, NULL, '2024-05-08 12:14:41', 292);
INSERT INTO `sys_oper_log` VALUES (121, '代码生成', 8, 'com.gz.generator.controller.GenController.batchGenCode()', 'GET', 1, 'admin', '研发部门', '/tool/gen/batchGenCode', '172.16.80.1', '内网IP', '{\"tables\":\"biz_demo\"}', NULL, 0, NULL, '2024-05-08 12:14:44', 599);
INSERT INTO `sys_oper_log` VALUES (122, '菜单管理', 3, 'com.gz.web.controller.system.SysMenuController.remove()', 'DELETE', 1, 'admin', '研发部门', '/system/menu/117', '172.16.80.1', '内网IP', '{}', '{\"msg\":\"菜单已分配,不允许删除\",\"code\":601}', 0, NULL, '2024-05-08 17:31:11', 62);
INSERT INTO `sys_oper_log` VALUES (123, '角色管理', 2, 'com.gz.web.controller.system.SysRoleController.edit()', 'PUT', 1, 'admin', '研发部门', '/system/role', '172.16.80.1', '内网IP', '{\"admin\":false,\"createTime\":\"2024-04-28 16:32:45\",\"dataScope\":\"2\",\"delFlag\":\"0\",\"deptCheckStrictly\":true,\"flag\":false,\"menuCheckStrictly\":true,\"menuIds\":[3,1,100,1000,1001,1002,1003,1004,1005,1006,101,1007,1008,1009,1010,1011,102,1012,1013,1014,1015,103,1016,1017,1018,1019,104,1020,1021,1022,1023,1024,105,1025,1026,1027,1028,1029,106,1030,1031,1032,1033,1034,107,1035,1036,1037,1038,108,500,1039,1040,1041,501,1042,1043,1044,1045,2,109,1046,1047,1048,110,1049,1050,1051,1052,1053,1054,111,112,113,114,115,116,1055,1056,1057,1058,1059,1060],\"params\":{},\"remark\":\"普通角色\",\"roleId\":2,\"roleKey\":\"common\",\"roleName\":\"普通角色\",\"roleSort\":2,\"status\":\"0\",\"updateBy\":\"admin\"}', '{\"msg\":\"操作成功\",\"code\":200}', 0, NULL, '2024-05-08 17:31:23', 236);
INSERT INTO `sys_oper_log` VALUES (124, '菜单管理', 3, 'com.gz.web.controller.system.SysMenuController.remove()', 'DELETE', 1, 'admin', '研发部门', '/system/menu/117', '172.16.80.1', '内网IP', '{}', '{\"msg\":\"操作成功\",\"code\":200}', 0, NULL, '2024-05-08 17:31:33', 66);
INSERT INTO `sys_oper_log` VALUES (125, '角色管理', 2, 'com.gz.web.controller.system.SysRoleController.changeStatus()', 'PUT', 1, 'admin', '研发部门', '/system/role/changeStatus', '172.16.80.1', '内网IP', '{\"admin\":false,\"deptCheckStrictly\":false,\"flag\":false,\"menuCheckStrictly\":false,\"params\":{},\"roleId\":2,\"status\":\"1\",\"updateBy\":\"admin\"}', '{\"msg\":\"操作成功\",\"code\":200}', 0, NULL, '2024-05-08 18:40:13', 51);
INSERT INTO `sys_oper_log` VALUES (126, '角色管理', 2, 'com.gz.web.controller.system.SysRoleController.changeStatus()', 'PUT', 1, 'admin', '研发部门', '/system/role/changeStatus', '172.16.80.1', '内网IP', '{\"admin\":false,\"deptCheckStrictly\":false,\"flag\":false,\"menuCheckStrictly\":false,\"params\":{},\"roleId\":2,\"status\":\"0\",\"updateBy\":\"admin\"}', '{\"msg\":\"操作成功\",\"code\":200}', 0, NULL, '2024-05-08 18:40:14', 3);
INSERT INTO `sys_oper_log` VALUES (127, '角色管理', 2, 'com.gz.web.controller.system.SysRoleController.edit()', 'PUT', 1, 'admin', '研发部门', '/system/role', '172.16.80.1', '内网IP', '{\"admin\":false,\"createTime\":\"2024-04-28 16:32:45\",\"dataScope\":\"2\",\"delFlag\":\"0\",\"deptCheckStrictly\":false,\"flag\":false,\"menuCheckStrictly\":false,\"menuIds\":[1,100,1000,1001,1002,1003,1004,1005,1006,101,1007,1008,1009,1010,1011,102,1012,1013,1014,1015,103,1016,1017,1018,1019,104,1020,1021,1022,1023,1024,105,1025,1026,1027,1028,1029,106,1030,1031,1032,1033,1034,107,1035,1036,1037,1038,108,500,1039,1040,1041,501,1042,1043,1044,1045,2,109,1046,1047,1048,110,1049,1050,1051,1052,1053,1054,112,113,114,3,115,116,1055,1056,1057,1058,1059,1060],\"params\":{},\"remark\":\"普通角色\",\"roleId\":2,\"roleKey\":\"common\",\"roleName\":\"普通角色\",\"roleSort\":2,\"status\":\"0\",\"updateBy\":\"admin\"}', '{\"msg\":\"操作成功\",\"code\":200}', 0, NULL, '2024-05-08 18:40:39', 46);
INSERT INTO `sys_oper_log` VALUES (128, '菜单管理', 3, 'com.gz.web.controller.system.SysMenuController.remove()', 'DELETE', 1, 'admin', '研发部门', '/system/menu/111', '172.16.80.1', '内网IP', '{}', '{\"msg\":\"操作成功\",\"code\":200}', 0, NULL, '2024-05-08 18:40:54', 7);
INSERT INTO `sys_oper_log` VALUES (129, '菜单管理', 2, 'com.gz.web.controller.system.SysMenuController.edit()', 'PUT', 1, 'admin', '研发部门', '/system/menu', '192.168.4.172', '内网IP', '{\"children\":[],\"createTime\":\"2024-04-28 16:32:46\",\"icon\":\"system\",\"isCache\":\"0\",\"isFrame\":\"1\",\"menuId\":1,\"menuName\":\"系统管理\",\"menuType\":\"M\",\"orderNum\":1,\"params\":{},\"parentId\":0,\"path\":\"system\",\"perms\":\"\",\"query\":\"\",\"status\":\"0\",\"updateBy\":\"admin\",\"visible\":\"0\"}', '{\"msg\":\"操作成功\",\"code\":200}', 0, NULL, '2024-05-10 11:04:29', 42);
INSERT INTO `sys_oper_log` VALUES (130, '角色管理', 2, 'com.gz.web.controller.system.SysRoleController.changeStatus()', 'PUT', 1, 'admin', '研发部门', '/system/role/changeStatus', '192.168.4.172', '内网IP', '{\"admin\":true,\"deptCheckStrictly\":false,\"flag\":false,\"menuCheckStrictly\":false,\"params\":{},\"roleId\":1,\"status\":\"1\"}', NULL, 1, '不允许操作超级管理员角色', '2024-05-10 15:14:40', 1);
INSERT INTO `sys_oper_log` VALUES (131, '角色管理', 2, 'com.gz.web.controller.system.SysRoleController.changeStatus()', 'PUT', 1, 'admin', '研发部门', '/system/role/changeStatus', '192.168.4.172', '内网IP', '{\"admin\":true,\"deptCheckStrictly\":false,\"flag\":false,\"menuCheckStrictly\":false,\"params\":{},\"roleId\":1,\"status\":\"0\"}', NULL, 1, '不允许操作超级管理员角色', '2024-05-10 15:14:48', 1);
INSERT INTO `sys_oper_log` VALUES (132, '代码生成', 6, 'com.gz.generator.controller.GenController.importTableSave()', 'POST', 1, 'admin', '研发部门', '/tool/gen/importTable', '192.168.2.116', '内网IP', '{\"tables\":\"biz_demo_ralation\"}', '{\"msg\":\"操作成功\",\"code\":200}', 0, NULL, '2024-05-11 14:33:08', 106);
INSERT INTO `sys_oper_log` VALUES (133, '代码生成', 8, 'com.gz.generator.controller.GenController.batchGenCode()', 'GET', 1, 'admin', '研发部门', '/tool/gen/batchGenCode', '192.168.2.116', '内网IP', '{\"tables\":\"biz_demo_ralation\"}', NULL, 0, NULL, '2024-05-11 14:33:15', 258);
INSERT INTO `sys_oper_log` VALUES (134, '代码生成', 2, 'com.gz.generator.controller.GenController.synchDb()', 'GET', 1, 'admin', '研发部门', '/tool/gen/synchDb/biz_demo_ralation', '192.168.2.116', '内网IP', '{}', '{\"msg\":\"操作成功\",\"code\":200}', 0, NULL, '2024-05-11 14:45:07', 27);
INSERT INTO `sys_oper_log` VALUES (135, '代码生成', 8, 'com.gz.generator.controller.GenController.batchGenCode()', 'GET', 1, 'admin', '研发部门', '/tool/gen/batchGenCode', '192.168.2.116', '内网IP', '{\"tables\":\"biz_demo_ralation\"}', NULL, 0, NULL, '2024-05-11 14:45:11', 67);
INSERT INTO `sys_oper_log` VALUES (136, '代码生成', 2, 'com.gz.generator.controller.GenController.synchDb()', 'GET', 1, 'admin', '研发部门', '/tool/gen/synchDb/biz_demo_ralation', '172.16.80.1', '内网IP', '{}', '{\"msg\":\"操作成功\",\"code\":200}', 0, NULL, '2024-05-11 15:00:22', 176);
INSERT INTO `sys_oper_log` VALUES (137, '代码生成', 8, 'com.gz.generator.controller.GenController.batchGenCode()', 'GET', 1, 'admin', '研发部门', '/tool/gen/batchGenCode', '172.16.80.1', '内网IP', '{\"tables\":\"biz_demo_ralation\"}', NULL, 0, NULL, '2024-05-11 15:00:24', 451);
INSERT INTO `sys_oper_log` VALUES (138, '菜单管理', 2, 'com.gz.web.controller.system.SysMenuController.edit()', 'PUT', 1, 'admin', '研发部门', '/system/menu', '192.168.4.172', '内网IP', '{\"children\":[],\"createTime\":\"2024-04-28 16:32:46\",\"icon\":\"system\",\"isCache\":\"0\",\"isFrame\":\"1\",\"menuId\":1,\"menuName\":\"系统管理\",\"menuType\":\"M\",\"orderNum\":1,\"params\":{},\"parentId\":0,\"path\":\"system\",\"perms\":\"\",\"query\":\"\",\"status\":\"0\",\"updateBy\":\"admin\",\"visible\":\"0\"}', '{\"msg\":\"操作成功\",\"code\":200}', 0, NULL, '2024-05-13 10:14:46', 7);
INSERT INTO `sys_oper_log` VALUES (139, '代码生成', 6, 'com.gz.generator.controller.GenController.importTableSave()', 'POST', 1, 'admin', '研发部门', '/tool/gen/importTable', '192.168.2.116', '内网IP', '{\"tables\":\"sys_tenant_package,sys_tenant\"}', '{\"msg\":\"操作成功\",\"code\":200}', 0, NULL, '2024-05-13 15:18:28', 163);
INSERT INTO `sys_oper_log` VALUES (140, '代码生成', 8, 'com.gz.generator.controller.GenController.batchGenCode()', 'GET', 1, 'admin', '研发部门', '/tool/gen/batchGenCode', '192.168.2.116', '内网IP', '{\"tables\":\"sys_tenant,sys_tenant_package\"}', NULL, 0, NULL, '2024-05-13 15:18:35', 155);
INSERT INTO `sys_oper_log` VALUES (141, '用户管理', 2, 'com.gz.web.controller.system.SysUserController.changeStatus()', 'PUT', 1, 'admin', '研发部门', '/system/user/changeStatus', '172.16.80.1', '内网IP', '{\"admin\":false,\"params\":{},\"status\":\"1\",\"updateBy\":\"admin\",\"userId\":2}', '{\"msg\":\"操作成功\",\"code\":200}', 0, NULL, '2024-05-13 16:31:44', 50);
INSERT INTO `sys_oper_log` VALUES (142, '用户管理', 2, 'com.gz.web.controller.system.SysUserController.changeStatus()', 'PUT', 1, 'admin', '研发部门', '/system/user/changeStatus', '172.16.80.1', '内网IP', '{\"admin\":false,\"params\":{},\"status\":\"0\",\"updateBy\":\"admin\",\"userId\":2}', '{\"msg\":\"操作成功\",\"code\":200}', 0, NULL, '2024-05-13 16:31:47', 44);
INSERT INTO `sys_oper_log` VALUES (143, '代码生成', 6, 'com.gz.generator.controller.GenController.importTableSave()', 'POST', 1, 'admin', '研发部门', '/tool/gen/importTable', '127.0.0.1', '内网IP', '{\"tables\":\"biz_demo2\"}', '{\"msg\":\"操作成功\",\"code\":200}', 0, NULL, '2024-06-20 18:06:17', 245);
INSERT INTO `sys_oper_log` VALUES (144, '代码生成', 2, 'com.gz.generator.controller.GenController.synchDb()', 'GET', 1, 'admin', '研发部门', '/tool/gen/synchDb/biz_demo2', '127.0.0.1', '内网IP', '{}', '{\"msg\":\"操作成功\",\"code\":200}', 0, NULL, '2024-06-20 18:08:30', 277);
INSERT INTO `sys_oper_log` VALUES (145, '代码生成', 3, 'com.gz.generator.controller.GenController.remove()', 'DELETE', 1, 'admin', '研发部门', '/tool/gen/8', '127.0.0.1', '内网IP', '{}', '{\"msg\":\"操作成功\",\"code\":200}', 0, NULL, '2024-06-20 18:08:36', 47);
INSERT INTO `sys_oper_log` VALUES (146, '代码生成', 6, 'com.gz.generator.controller.GenController.importTableSave()', 'POST', 1, 'admin', '研发部门', '/tool/gen/importTable', '127.0.0.1', '内网IP', '{\"tables\":\"biz_demo2\"}', '{\"msg\":\"操作成功\",\"code\":200}', 0, NULL, '2024-06-20 18:08:54', 148);
INSERT INTO `sys_oper_log` VALUES (147, '代码生成', 8, 'com.gz.generator.controller.GenController.batchGenCode()', 'GET', 1, 'admin', '研发部门', '/tool/gen/batchGenCode', '127.0.0.1', '内网IP', '{\"tables\":\"biz_demo2\"}', NULL, 0, NULL, '2024-06-20 18:09:01', 455);
INSERT INTO `sys_oper_log` VALUES (148, '代码生成', 8, 'com.gz.generator.controller.GenController.batchGenCode()', 'GET', 1, 'admin', '研发部门', '/tool/gen/batchGenCode', '127.0.0.1', '内网IP', '{\"tables\":\"biz_demo2\"}', NULL, 0, NULL, '2024-06-20 18:11:31', 416);
INSERT INTO `sys_oper_log` VALUES (149, '代码生成', 2, 'com.gz.generator.controller.GenController.synchDb()', 'GET', 1, 'admin', '研发部门', '/tool/gen/synchDb/biz_demo2', '127.0.0.1', '内网IP', '{}', '{\"msg\":\"操作成功\",\"code\":200}', 0, NULL, '2024-06-20 18:38:23', 248);
INSERT INTO `sys_oper_log` VALUES (150, '代码生成', 8, 'com.gz.generator.controller.GenController.batchGenCode()', 'GET', 1, 'admin', '研发部门', '/tool/gen/batchGenCode', '127.0.0.1', '内网IP', '{\"tables\":\"biz_demo2\"}', NULL, 0, NULL, '2024-06-20 18:38:26', 436);
INSERT INTO `sys_oper_log` VALUES (151, '代码生成', 8, 'com.gz.generator.controller.GenController.batchGenCode()', 'GET', 1, 'admin', '研发部门', '/tool/gen/batchGenCode', '127.0.0.1', '内网IP', '{\"tables\":\"biz_demo2\"}', NULL, 0, NULL, '2024-06-20 18:44:05', 499);
INSERT INTO `sys_oper_log` VALUES (152, '菜单管理', 2, 'com.gz.web.controller.system.SysMenuController.edit()', 'PUT', 1, 'admin', '研发部门', '/system/menu', '127.0.0.1', '内网IP', '{\"children\":[],\"component\":\"monitor/job/index\",\"createTime\":\"2024-04-28 16:32:46\",\"icon\":\"job\",\"isCache\":\"0\",\"isFrame\":\"1\",\"menuId\":110,\"menuName\":\"定时任务\",\"menuType\":\"C\",\"orderNum\":2,\"params\":{},\"parentId\":2,\"path\":\"job\",\"perms\":\"monitor:job:list\",\"query\":\"\",\"status\":\"1\",\"updateBy\":\"admin\",\"visible\":\"0\"}', '{\"msg\":\"操作成功\",\"code\":200}', 0, NULL, '2024-06-20 18:52:45', 38);
INSERT INTO `sys_oper_log` VALUES (153, '菜单管理', 2, 'com.gz.web.controller.system.SysMenuController.edit()', 'PUT', 1, 'admin', '研发部门', '/system/menu', '127.0.0.1', '内网IP', '{\"children\":[],\"component\":\"tool/build/index\",\"createTime\":\"2024-04-28 16:32:46\",\"icon\":\"build\",\"isCache\":\"0\",\"isFrame\":\"1\",\"menuId\":115,\"menuName\":\"表单构建\",\"menuType\":\"C\",\"orderNum\":1,\"params\":{},\"parentId\":3,\"path\":\"build\",\"perms\":\"tool:build:list\",\"query\":\"\",\"status\":\"1\",\"updateBy\":\"admin\",\"visible\":\"0\"}', '{\"msg\":\"操作成功\",\"code\":200}', 0, NULL, '2024-06-20 18:53:47', 25);
INSERT INTO `sys_oper_log` VALUES (154, '菜单管理', 2, 'com.gz.web.controller.system.SysMenuController.edit()', 'PUT', 1, 'admin', '研发部门', '/system/menu', '127.0.0.1', '内网IP', '{\"children\":[],\"component\":\"monitor/server/index\",\"createTime\":\"2024-04-28 16:32:46\",\"icon\":\"server\",\"isCache\":\"0\",\"isFrame\":\"1\",\"menuId\":112,\"menuName\":\"服务监控\",\"menuType\":\"C\",\"orderNum\":4,\"params\":{},\"parentId\":2,\"path\":\"server\",\"perms\":\"monitor:server:list\",\"query\":\"\",\"status\":\"1\",\"updateBy\":\"admin\",\"visible\":\"0\"}', '{\"msg\":\"操作成功\",\"code\":200}', 0, NULL, '2024-06-20 18:53:54', 27);
INSERT INTO `sys_oper_log` VALUES (155, '菜单管理', 2, 'com.gz.web.controller.system.SysMenuController.edit()', 'PUT', 1, 'admin', '研发部门', '/system/menu', '127.0.0.1', '内网IP', '{\"children\":[],\"component\":\"monitor/cache/index\",\"createTime\":\"2024-04-28 16:32:46\",\"icon\":\"redis\",\"isCache\":\"0\",\"isFrame\":\"1\",\"menuId\":113,\"menuName\":\"缓存监控\",\"menuType\":\"C\",\"orderNum\":5,\"params\":{},\"parentId\":2,\"path\":\"cache\",\"perms\":\"monitor:cache:list\",\"query\":\"\",\"status\":\"1\",\"updateBy\":\"admin\",\"visible\":\"0\"}', '{\"msg\":\"操作成功\",\"code\":200}', 0, NULL, '2024-06-20 18:53:58', 25);
INSERT INTO `sys_oper_log` VALUES (156, '菜单管理', 2, 'com.gz.web.controller.system.SysMenuController.edit()', 'PUT', 1, 'admin', '研发部门', '/system/menu', '127.0.0.1', '内网IP', '{\"children\":[],\"component\":\"monitor/cache/list\",\"createTime\":\"2024-04-28 16:32:46\",\"icon\":\"redis-list\",\"isCache\":\"0\",\"isFrame\":\"1\",\"menuId\":114,\"menuName\":\"缓存列表\",\"menuType\":\"C\",\"orderNum\":6,\"params\":{},\"parentId\":2,\"path\":\"cacheList\",\"perms\":\"monitor:cache:list\",\"query\":\"\",\"status\":\"1\",\"updateBy\":\"admin\",\"visible\":\"0\"}', '{\"msg\":\"操作成功\",\"code\":200}', 0, NULL, '2024-06-20 18:54:02', 46);
INSERT INTO `sys_oper_log` VALUES (157, '角色管理', 1, 'com.gz.web.controller.system.SysRoleController.add()', 'POST', 1, 'admin', '研发部门', '/system/role', '127.0.0.1', '内网IP', '{\"admin\":false,\"createBy\":\"admin\",\"deptCheckStrictly\":true,\"deptIds\":[],\"flag\":false,\"menuCheckStrictly\":true,\"menuIds\":[1,100,1000,1001,1002,1003,1004,1005,1006],\"params\":{},\"roleId\":3,\"roleKey\":\"111\",\"roleName\":\"11\",\"roleSort\":0,\"status\":\"0\"}', '{\"msg\":\"操作成功\",\"code\":200}', 0, NULL, '2025-04-08 11:15:49', 69);
INSERT INTO `sys_oper_log` VALUES (158, '角色管理', 3, 'com.gz.web.controller.system.SysRoleController.remove()', 'DELETE', 1, 'admin', '研发部门', '/system/role/3', '127.0.0.1', '内网IP', '{}', '{\"msg\":\"操作成功\",\"code\":200}', 0, NULL, '2025-04-08 11:15:53', 137);
INSERT INTO `sys_oper_log` VALUES (159, '用户管理', 1, 'com.gz.framework.web.controller.system.SysUserController.add()', 'POST', 1, 'admin', '研发部门', '/system/user', '127.0.0.1', '内网IP', '{\"admin\":false,\"createBy\":\"admin\",\"nickName\":\"11\",\"params\":{},\"postIds\":[],\"roleIds\":[],\"status\":\"0\",\"userId\":3,\"userName\":\"11\"}', '{\"msg\":\"操作成功\",\"code\":200}', 0, NULL, '2025-04-08 11:54:56', 203);
INSERT INTO `sys_oper_log` VALUES (160, '用户管理', 3, 'com.gz.framework.web.controller.system.SysUserController.remove()', 'DELETE', 1, 'admin', '研发部门', '/system/user/3', '127.0.0.1', '内网IP', '{}', '{\"msg\":\"操作成功\",\"code\":200}', 0, NULL, '2025-04-08 11:55:03', 97);
INSERT INTO `sys_oper_log` VALUES (161, '代码生成', 8, 'com.gz.generator.controller.GenController.batchGenCode()', 'GET', 1, 'admin', '研发部门', '/tool/gen/batchGenCode', '127.0.0.1', '内网IP', '{\"tables\":\"biz_demo\"}', NULL, 0, NULL, '2025-04-08 17:33:33', 9881);
INSERT INTO `sys_oper_log` VALUES (162, '代码生成', 2, 'com.gz.generator.controller.GenController.synchDb()', 'GET', 1, 'admin', '研发部门', '/tool/gen/synchDb/biz_demo', '127.0.0.1', '内网IP', '{}', '{\"msg\":\"操作成功\",\"code\":200}', 0, NULL, '2025-04-08 17:46:18', 386);
INSERT INTO `sys_oper_log` VALUES (163, '代码生成', 2, 'com.gz.generator.controller.GenController.synchDb()', 'GET', 1, 'admin', '研发部门', '/tool/gen/synchDb/biz_demo_ralation', '127.0.0.1', '内网IP', '{}', NULL, 1, '同步数据失败，原表结构不存在', '2025-04-08 17:46:23', 45);
INSERT INTO `sys_oper_log` VALUES (164, '代码生成', 2, 'com.gz.generator.controller.GenController.synchDb()', 'GET', 1, 'admin', '研发部门', '/tool/gen/synchDb/biz_demo2', '127.0.0.1', '内网IP', '{}', NULL, 1, '同步数据失败，原表结构不存在', '2025-04-08 17:46:28', 36);
INSERT INTO `sys_oper_log` VALUES (165, '代码生成', 3, 'com.gz.generator.controller.GenController.remove()', 'DELETE', 1, 'admin', '研发部门', '/tool/gen/9', '127.0.0.1', '内网IP', '{}', '{\"msg\":\"操作成功\",\"code\":200}', 0, NULL, '2025-04-08 17:46:34', 44);
INSERT INTO `sys_oper_log` VALUES (166, '代码生成', 8, 'com.gz.generator.controller.GenController.batchGenCode()', 'GET', 1, 'admin', '研发部门', '/tool/gen/batchGenCode', '127.0.0.1', '内网IP', '{\"tables\":\"biz_demo\"}', NULL, 0, NULL, '2025-04-08 17:47:34', 364);
INSERT INTO `sys_oper_log` VALUES (167, '代码生成', 8, 'com.gz.generator.controller.GenController.batchGenCode()', 'GET', 1, 'admin', '研发部门', '/tool/gen/batchGenCode', '127.0.0.1', '内网IP', '{\"tables\":\"biz_demo\"}', NULL, 0, NULL, '2025-04-08 17:51:22', 589);
INSERT INTO `sys_oper_log` VALUES (168, '字典类型', 1, 'com.gz.framework.web.controller.system.SysDictTypeController.add()', 'POST', 1, 'admin', '研发部门', '/system/dict/type', '127.0.0.1', '内网IP', '{\"createBy\":\"admin\",\"dictName\":\"删除标识\",\"dictType\":\"del_flag\",\"params\":{},\"status\":\"0\"}', '{\"msg\":\"操作成功\",\"code\":200}', 0, NULL, '2025-04-09 12:04:46', 33);
INSERT INTO `sys_oper_log` VALUES (169, '字典数据', 1, 'com.gz.framework.web.controller.system.SysDictDataController.add()', 'POST', 1, 'admin', '研发部门', '/system/dict/data', '127.0.0.1', '内网IP', '{\"createBy\":\"admin\",\"default\":false,\"dictLabel\":\"存在\",\"dictSort\":0,\"dictType\":\"del_flag\",\"dictValue\":\"0\",\"listClass\":\"default\",\"params\":{},\"status\":\"0\"}', '{\"msg\":\"操作成功\",\"code\":200}', 0, NULL, '2025-04-09 12:05:25', 19);
INSERT INTO `sys_oper_log` VALUES (170, '字典数据', 1, 'com.gz.framework.web.controller.system.SysDictDataController.add()', 'POST', 1, 'admin', '研发部门', '/system/dict/data', '127.0.0.1', '内网IP', '{\"createBy\":\"admin\",\"default\":false,\"dictLabel\":\"删除\",\"dictSort\":1,\"dictType\":\"del_flag\",\"dictValue\":\"1\",\"listClass\":\"default\",\"params\":{},\"status\":\"0\"}', '{\"msg\":\"操作成功\",\"code\":200}', 0, NULL, '2025-04-09 12:05:35', 19);
INSERT INTO `sys_oper_log` VALUES (171, '角色管理', 1, 'com.gz.framework.web.controller.system.SysRoleController.add()', 'POST', 1, 'admin', '研发部门', '/system/role', '127.0.0.1', '内网IP', '{\"admin\":false,\"createBy\":\"admin\",\"deptCheckStrictly\":true,\"deptIds\":[],\"flag\":false,\"menuCheckStrictly\":true,\"menuIds\":[],\"params\":{},\"roleId\":4,\"roleKey\":\"11\",\"roleName\":\"11\",\"roleSort\":0,\"status\":\"0\"}', '{\"msg\":\"操作成功\",\"code\":200}', 0, NULL, '2025-04-09 19:35:17', 78);
INSERT INTO `sys_oper_log` VALUES (172, '角色管理', 3, 'com.gz.framework.web.controller.system.SysRoleController.remove()', 'DELETE', 1, 'admin', '研发部门', '/system/role/4', '127.0.0.1', '内网IP', '{}', '{\"msg\":\"操作成功\",\"code\":200}', 0, NULL, '2025-04-09 19:35:21', 61);
INSERT INTO `sys_oper_log` VALUES (173, '角色管理', 1, 'com.gz.framework.web.controller.system.SysRoleController.add()', 'POST', 1, 'admin', '研发部门', '/system/role', '127.0.0.1', '内网IP', '{\"admin\":false,\"createBy\":\"admin\",\"deptCheckStrictly\":true,\"deptIds\":[],\"flag\":false,\"menuCheckStrictly\":true,\"menuIds\":[],\"params\":{},\"roleId\":5,\"roleKey\":\"11\",\"roleName\":\"11\",\"roleSort\":0,\"status\":\"0\"}', '{\"msg\":\"操作成功\",\"code\":200}', 0, NULL, '2025-04-09 19:37:29', 98);
INSERT INTO `sys_oper_log` VALUES (174, '角色管理', 3, 'com.gz.framework.web.controller.system.SysRoleController.remove()', 'DELETE', 1, 'admin', '研发部门', '/system/role/5', '127.0.0.1', '内网IP', '{}', '{\"msg\":\"操作成功\",\"code\":200}', 0, NULL, '2025-04-09 19:37:47', 65);
INSERT INTO `sys_oper_log` VALUES (175, '用户管理', 1, 'com.gz.framework.web.controller.system.SysUserController.add()', 'POST', 1, 'admin', '研发部门', '/system/user', '127.0.0.1', '内网IP', '{\"admin\":false,\"createBy\":\"admin\",\"nickName\":\"11\",\"params\":{},\"postIds\":[],\"roleIds\":[],\"status\":\"0\",\"userId\":4,\"userName\":\"11\"}', '{\"msg\":\"操作成功\",\"code\":200}', 0, NULL, '2025-04-09 19:37:57', 135);
INSERT INTO `sys_oper_log` VALUES (176, '用户管理', 3, 'com.gz.framework.web.controller.system.SysUserController.remove()', 'DELETE', 1, 'admin', '研发部门', '/system/user/4', '127.0.0.1', '内网IP', '{}', '{\"msg\":\"操作成功\",\"code\":200}', 0, NULL, '2025-04-09 19:38:03', 34);
INSERT INTO `sys_oper_log` VALUES (177, '用户管理', 1, 'com.gz.framework.web.controller.system.SysUserController.add()', 'POST', 1, 'admin', '研发部门', '/system/user', '127.0.0.1', '内网IP', '{\"admin\":false,\"createBy\":\"admin\",\"nickName\":\"11\",\"params\":{},\"postIds\":[],\"roleIds\":[],\"status\":\"0\",\"userId\":5,\"userName\":\"11\"}', '{\"msg\":\"操作成功\",\"code\":200}', 0, NULL, '2025-04-10 17:10:22', 147);
INSERT INTO `sys_oper_log` VALUES (178, '用户管理', 3, 'com.gz.framework.web.controller.system.SysUserController.remove()', 'DELETE', 1, 'admin', '研发部门', '/system/user/5', '127.0.0.1', '内网IP', '{}', '{\"msg\":\"操作成功\",\"code\":200}', 0, NULL, '2025-04-10 17:10:41', 44);
INSERT INTO `sys_oper_log` VALUES (179, '用户管理', 1, 'com.gz.framework.web.controller.system.SysUserController.add()', 'POST', 1, 'admin', '研发部门', '/system/user', '127.0.0.1', '内网IP', '{\"admin\":false,\"createBy\":\"admin\",\"nickName\":\"11\",\"params\":{},\"postIds\":[],\"roleIds\":[],\"status\":\"0\",\"userId\":6,\"userName\":\"11\"}', '{\"msg\":\"操作成功\",\"code\":200}', 0, NULL, '2025-04-11 16:37:38', 130);
INSERT INTO `sys_oper_log` VALUES (180, '用户管理', 3, 'com.gz.framework.web.controller.system.SysUserController.remove()', 'DELETE', 1, 'admin', '研发部门', '/system/user/6', '127.0.0.1', '内网IP', '{}', '{\"msg\":\"操作成功\",\"code\":200}', 0, NULL, '2025-04-11 16:37:43', 47);
INSERT INTO `sys_oper_log` VALUES (181, '字典类型', 9, 'com.gz.framework.web.controller.system.SysDictTypeController.refreshCache()', 'DELETE', 1, 'admin', '研发部门', '/system/dict/type/refreshCache', '127.0.0.1', '内网IP', '{}', '{\"msg\":\"操作成功\",\"code\":200}', 0, NULL, '2025-04-11 16:37:52', 38);
INSERT INTO `sys_oper_log` VALUES (182, '代码生成', 6, 'com.gz.generator.controller.GenController.importTableSave()', 'POST', 1, 'admin', '研发部门', '/tool/gen/importTable', '127.0.0.1', '内网IP', '{\"tables\":\"biz_demo2\"}', '{\"msg\":\"操作成功\",\"code\":200}', 0, NULL, '2025-04-17 15:10:05', 197);
INSERT INTO `sys_oper_log` VALUES (183, '代码生成', 8, 'com.gz.generator.controller.GenController.batchGenCode()', 'GET', 1, 'admin', '研发部门', '/tool/gen/batchGenCode', '127.0.0.1', '内网IP', '{\"tables\":\"biz_demo2\"}', NULL, 0, NULL, '2025-04-17 15:10:10', 517);
INSERT INTO `sys_oper_log` VALUES (184, '代码生成', 8, 'com.gz.generator.controller.GenController.batchGenCode()', 'GET', 1, 'admin', '研发部门', '/tool/gen/batchGenCode', '127.0.0.1', '内网IP', '{\"tables\":\"biz_demo2\"}', NULL, 0, NULL, '2025-04-17 15:21:59', 508);
INSERT INTO `sys_oper_log` VALUES (185, '代码生成', 8, 'com.gz.generator.controller.GenController.batchGenCode()', 'GET', 1, 'admin', '研发部门', '/tool/gen/batchGenCode', '127.0.0.1', '内网IP', '{\"tables\":\"biz_demo2\"}', NULL, 0, NULL, '2025-04-17 15:26:44', 551);
COMMIT;

-- ----------------------------
-- Table structure for sys_post
-- ----------------------------
DROP TABLE IF EXISTS `sys_post`;
CREATE TABLE `sys_post` (
  `post_id` bigint NOT NULL AUTO_INCREMENT COMMENT '岗位ID',
  `post_code` varchar(64) CHARACTER SET utf8mb4 COLLATE utf8mb4_general_ci NOT NULL COMMENT '岗位编码',
  `post_name` varchar(50) CHARACTER SET utf8mb4 COLLATE utf8mb4_general_ci NOT NULL COMMENT '岗位名称',
  `post_sort` int NOT NULL COMMENT '显示顺序',
  `status` char(1) CHARACTER SET utf8mb4 COLLATE utf8mb4_general_ci NOT NULL COMMENT '状态（0正常 1停用）',
  `create_by` varchar(64) CHARACTER SET utf8mb4 COLLATE utf8mb4_general_ci DEFAULT '' COMMENT '创建者',
  `create_time` datetime DEFAULT NULL COMMENT '创建时间',
  `update_by` varchar(64) CHARACTER SET utf8mb4 COLLATE utf8mb4_general_ci DEFAULT '' COMMENT '更新者',
  `update_time` datetime DEFAULT NULL COMMENT '更新时间',
  `remark` varchar(500) CHARACTER SET utf8mb4 COLLATE utf8mb4_general_ci DEFAULT NULL COMMENT '备注',
  PRIMARY KEY (`post_id`) USING BTREE
) ENGINE=InnoDB AUTO_INCREMENT=5 DEFAULT CHARSET=utf8mb4 COLLATE=utf8mb4_general_ci COMMENT='岗位信息表';

-- ----------------------------
-- Records of sys_post
-- ----------------------------
BEGIN;
INSERT INTO `sys_post` VALUES (1, 'ceo', '董事长', 1, '0', 'admin', '2024-04-28 16:32:45', '', NULL, '');
INSERT INTO `sys_post` VALUES (2, 'se', '项目经理', 2, '0', 'admin', '2024-04-28 16:32:45', '', NULL, '');
INSERT INTO `sys_post` VALUES (3, 'hr', '人力资源', 3, '0', 'admin', '2024-04-28 16:32:45', '', NULL, '');
INSERT INTO `sys_post` VALUES (4, 'user', '普通员工', 4, '0', 'admin', '2024-04-28 16:32:45', '', NULL, '');
COMMIT;

-- ----------------------------
-- Table structure for sys_role
-- ----------------------------
DROP TABLE IF EXISTS `sys_role`;
CREATE TABLE `sys_role` (
  `role_id` bigint NOT NULL AUTO_INCREMENT COMMENT '角色ID',
  `role_name` varchar(30) CHARACTER SET utf8mb4 COLLATE utf8mb4_general_ci NOT NULL COMMENT '角色名称',
  `role_key` varchar(100) CHARACTER SET utf8mb4 COLLATE utf8mb4_general_ci NOT NULL COMMENT '角色权限字符串',
  `role_sort` int NOT NULL COMMENT '显示顺序',
  `data_scope` char(1) CHARACTER SET utf8mb4 COLLATE utf8mb4_general_ci DEFAULT '1' COMMENT '数据范围（1：全部数据权限 2：自定数据权限 3：本部门数据权限 4：本部门及以下数据权限）',
  `menu_check_strictly` tinyint(1) DEFAULT '1' COMMENT '菜单树选择项是否关联显示',
  `dept_check_strictly` tinyint(1) DEFAULT '1' COMMENT '部门树选择项是否关联显示',
  `status` char(1) CHARACTER SET utf8mb4 COLLATE utf8mb4_general_ci NOT NULL COMMENT '角色状态（0正常 1停用）',
  `del_flag` char(1) CHARACTER SET utf8mb4 COLLATE utf8mb4_general_ci DEFAULT '0' COMMENT '删除标志（0代表存在 2代表删除）',
  `create_by` varchar(64) CHARACTER SET utf8mb4 COLLATE utf8mb4_general_ci DEFAULT '' COMMENT '创建者',
  `create_time` datetime DEFAULT NULL COMMENT '创建时间',
  `update_by` varchar(64) CHARACTER SET utf8mb4 COLLATE utf8mb4_general_ci DEFAULT '' COMMENT '更新者',
  `update_time` datetime DEFAULT NULL COMMENT '更新时间',
  `remark` varchar(500) CHARACTER SET utf8mb4 COLLATE utf8mb4_general_ci DEFAULT NULL COMMENT '备注',
  PRIMARY KEY (`role_id`) USING BTREE
) ENGINE=InnoDB AUTO_INCREMENT=6 DEFAULT CHARSET=utf8mb4 COLLATE=utf8mb4_general_ci COMMENT='角色信息表';

-- ----------------------------
-- Records of sys_role
-- ----------------------------
BEGIN;
INSERT INTO `sys_role` VALUES (1, '超级管理员', 'admin', 1, '1', 1, 1, '0', '0', 'admin', '2024-04-28 16:32:45', '', NULL, '超级管理员');
INSERT INTO `sys_role` VALUES (2, '普通角色', 'common', 2, '2', 0, 0, '0', '0', 'admin', '2024-04-28 16:32:45', 'admin', '2024-05-08 18:40:39', '普通角色');
INSERT INTO `sys_role` VALUES (3, '11', '111', 0, '1', 1, 1, '0', '2', 'admin', '2025-04-08 11:15:49', '', NULL, NULL);
INSERT INTO `sys_role` VALUES (4, '11', '11', 0, '1', 1, 1, '0', '2', 'admin', '2025-04-09 19:35:17', '', NULL, NULL);
INSERT INTO `sys_role` VALUES (5, '11', '11', 0, '1', 1, 1, '0', '2', 'admin', '2025-04-09 19:37:29', '', NULL, NULL);
COMMIT;

-- ----------------------------
-- Table structure for sys_role_dept
-- ----------------------------
DROP TABLE IF EXISTS `sys_role_dept`;
CREATE TABLE `sys_role_dept` (
  `role_id` bigint NOT NULL COMMENT '角色ID',
  `dept_id` bigint NOT NULL COMMENT '部门ID',
  PRIMARY KEY (`role_id`,`dept_id`) USING BTREE
) ENGINE=InnoDB DEFAULT CHARSET=utf8mb4 COLLATE=utf8mb4_general_ci COMMENT='角色和部门关联表';

-- ----------------------------
-- Records of sys_role_dept
-- ----------------------------
BEGIN;
INSERT INTO `sys_role_dept` VALUES (2, 100);
INSERT INTO `sys_role_dept` VALUES (2, 101);
INSERT INTO `sys_role_dept` VALUES (2, 105);
COMMIT;

-- ----------------------------
-- Table structure for sys_role_menu
-- ----------------------------
DROP TABLE IF EXISTS `sys_role_menu`;
CREATE TABLE `sys_role_menu` (
  `role_id` bigint NOT NULL COMMENT '角色ID',
  `menu_id` bigint NOT NULL COMMENT '菜单ID',
  PRIMARY KEY (`role_id`,`menu_id`) USING BTREE
) ENGINE=InnoDB DEFAULT CHARSET=utf8mb4 COLLATE=utf8mb4_general_ci COMMENT='角色和菜单关联表';

-- ----------------------------
-- Records of sys_role_menu
-- ----------------------------
BEGIN;
INSERT INTO `sys_role_menu` VALUES (2, 1);
INSERT INTO `sys_role_menu` VALUES (2, 2);
INSERT INTO `sys_role_menu` VALUES (2, 3);
INSERT INTO `sys_role_menu` VALUES (2, 100);
INSERT INTO `sys_role_menu` VALUES (2, 101);
INSERT INTO `sys_role_menu` VALUES (2, 102);
INSERT INTO `sys_role_menu` VALUES (2, 103);
INSERT INTO `sys_role_menu` VALUES (2, 104);
INSERT INTO `sys_role_menu` VALUES (2, 105);
INSERT INTO `sys_role_menu` VALUES (2, 106);
INSERT INTO `sys_role_menu` VALUES (2, 107);
INSERT INTO `sys_role_menu` VALUES (2, 108);
INSERT INTO `sys_role_menu` VALUES (2, 109);
INSERT INTO `sys_role_menu` VALUES (2, 110);
INSERT INTO `sys_role_menu` VALUES (2, 112);
INSERT INTO `sys_role_menu` VALUES (2, 113);
INSERT INTO `sys_role_menu` VALUES (2, 114);
INSERT INTO `sys_role_menu` VALUES (2, 115);
INSERT INTO `sys_role_menu` VALUES (2, 116);
INSERT INTO `sys_role_menu` VALUES (2, 500);
INSERT INTO `sys_role_menu` VALUES (2, 501);
INSERT INTO `sys_role_menu` VALUES (2, 1000);
INSERT INTO `sys_role_menu` VALUES (2, 1001);
INSERT INTO `sys_role_menu` VALUES (2, 1002);
INSERT INTO `sys_role_menu` VALUES (2, 1003);
INSERT INTO `sys_role_menu` VALUES (2, 1004);
INSERT INTO `sys_role_menu` VALUES (2, 1005);
INSERT INTO `sys_role_menu` VALUES (2, 1006);
INSERT INTO `sys_role_menu` VALUES (2, 1007);
INSERT INTO `sys_role_menu` VALUES (2, 1008);
INSERT INTO `sys_role_menu` VALUES (2, 1009);
INSERT INTO `sys_role_menu` VALUES (2, 1010);
INSERT INTO `sys_role_menu` VALUES (2, 1011);
INSERT INTO `sys_role_menu` VALUES (2, 1012);
INSERT INTO `sys_role_menu` VALUES (2, 1013);
INSERT INTO `sys_role_menu` VALUES (2, 1014);
INSERT INTO `sys_role_menu` VALUES (2, 1015);
INSERT INTO `sys_role_menu` VALUES (2, 1016);
INSERT INTO `sys_role_menu` VALUES (2, 1017);
INSERT INTO `sys_role_menu` VALUES (2, 1018);
INSERT INTO `sys_role_menu` VALUES (2, 1019);
INSERT INTO `sys_role_menu` VALUES (2, 1020);
INSERT INTO `sys_role_menu` VALUES (2, 1021);
INSERT INTO `sys_role_menu` VALUES (2, 1022);
INSERT INTO `sys_role_menu` VALUES (2, 1023);
INSERT INTO `sys_role_menu` VALUES (2, 1024);
INSERT INTO `sys_role_menu` VALUES (2, 1025);
INSERT INTO `sys_role_menu` VALUES (2, 1026);
INSERT INTO `sys_role_menu` VALUES (2, 1027);
INSERT INTO `sys_role_menu` VALUES (2, 1028);
INSERT INTO `sys_role_menu` VALUES (2, 1029);
INSERT INTO `sys_role_menu` VALUES (2, 1030);
INSERT INTO `sys_role_menu` VALUES (2, 1031);
INSERT INTO `sys_role_menu` VALUES (2, 1032);
INSERT INTO `sys_role_menu` VALUES (2, 1033);
INSERT INTO `sys_role_menu` VALUES (2, 1034);
INSERT INTO `sys_role_menu` VALUES (2, 1035);
INSERT INTO `sys_role_menu` VALUES (2, 1036);
INSERT INTO `sys_role_menu` VALUES (2, 1037);
INSERT INTO `sys_role_menu` VALUES (2, 1038);
INSERT INTO `sys_role_menu` VALUES (2, 1039);
INSERT INTO `sys_role_menu` VALUES (2, 1040);
INSERT INTO `sys_role_menu` VALUES (2, 1041);
INSERT INTO `sys_role_menu` VALUES (2, 1042);
INSERT INTO `sys_role_menu` VALUES (2, 1043);
INSERT INTO `sys_role_menu` VALUES (2, 1044);
INSERT INTO `sys_role_menu` VALUES (2, 1045);
INSERT INTO `sys_role_menu` VALUES (2, 1046);
INSERT INTO `sys_role_menu` VALUES (2, 1047);
INSERT INTO `sys_role_menu` VALUES (2, 1048);
INSERT INTO `sys_role_menu` VALUES (2, 1049);
INSERT INTO `sys_role_menu` VALUES (2, 1050);
INSERT INTO `sys_role_menu` VALUES (2, 1051);
INSERT INTO `sys_role_menu` VALUES (2, 1052);
INSERT INTO `sys_role_menu` VALUES (2, 1053);
INSERT INTO `sys_role_menu` VALUES (2, 1054);
INSERT INTO `sys_role_menu` VALUES (2, 1055);
INSERT INTO `sys_role_menu` VALUES (2, 1056);
INSERT INTO `sys_role_menu` VALUES (2, 1057);
INSERT INTO `sys_role_menu` VALUES (2, 1058);
INSERT INTO `sys_role_menu` VALUES (2, 1059);
INSERT INTO `sys_role_menu` VALUES (2, 1060);
COMMIT;

-- ----------------------------
-- Table structure for sys_user
-- ----------------------------
DROP TABLE IF EXISTS `sys_user`;
CREATE TABLE `sys_user` (
  `user_id` bigint NOT NULL AUTO_INCREMENT COMMENT '用户ID',
  `dept_id` bigint DEFAULT NULL COMMENT '部门ID',
  `user_name` varchar(30) CHARACTER SET utf8mb4 COLLATE utf8mb4_general_ci NOT NULL COMMENT '用户账号',
  `nick_name` varchar(30) CHARACTER SET utf8mb4 COLLATE utf8mb4_general_ci NOT NULL COMMENT '用户昵称',
  `user_type` varchar(2) CHARACTER SET utf8mb4 COLLATE utf8mb4_general_ci DEFAULT '00' COMMENT '用户类型（00系统用户）',
  `email` varchar(50) CHARACTER SET utf8mb4 COLLATE utf8mb4_general_ci DEFAULT '' COMMENT '用户邮箱',
  `phonenumber` varchar(11) CHARACTER SET utf8mb4 COLLATE utf8mb4_general_ci DEFAULT '' COMMENT '手机号码',
  `sex` char(1) CHARACTER SET utf8mb4 COLLATE utf8mb4_general_ci DEFAULT '0' COMMENT '用户性别（0男 1女 2未知）',
  `avatar` varchar(100) CHARACTER SET utf8mb4 COLLATE utf8mb4_general_ci DEFAULT '' COMMENT '头像地址',
  `password` varchar(100) CHARACTER SET utf8mb4 COLLATE utf8mb4_general_ci DEFAULT '' COMMENT '密码',
  `status` char(1) CHARACTER SET utf8mb4 COLLATE utf8mb4_general_ci DEFAULT '0' COMMENT '帐号状态（0正常 1停用）',
  `del_flag` char(1) CHARACTER SET utf8mb4 COLLATE utf8mb4_general_ci DEFAULT '0' COMMENT '删除标志（0代表存在 2代表删除）',
  `login_ip` varchar(128) CHARACTER SET utf8mb4 COLLATE utf8mb4_general_ci DEFAULT '' COMMENT '最后登录IP',
  `login_date` datetime DEFAULT NULL COMMENT '最后登录时间',
  `create_by` varchar(64) CHARACTER SET utf8mb4 COLLATE utf8mb4_general_ci DEFAULT '' COMMENT '创建者',
  `create_time` datetime DEFAULT NULL COMMENT '创建时间',
  `update_by` varchar(64) CHARACTER SET utf8mb4 COLLATE utf8mb4_general_ci DEFAULT '' COMMENT '更新者',
  `update_time` datetime DEFAULT NULL COMMENT '更新时间',
  `remark` varchar(500) CHARACTER SET utf8mb4 COLLATE utf8mb4_general_ci DEFAULT NULL COMMENT '备注',
  PRIMARY KEY (`user_id`) USING BTREE
) ENGINE=InnoDB AUTO_INCREMENT=7 DEFAULT CHARSET=utf8mb4 COLLATE=utf8mb4_general_ci COMMENT='用户信息表';

-- ----------------------------
-- Records of sys_user
-- ----------------------------
BEGIN;
INSERT INTO `sys_user` VALUES (1, 103, 'admin', '广咨', '00', 'ry@163.com', '15888888888', '1', '', '$2a$10$7JB720yubVSZvUI0rEqK/.VqGOZTH.ulu33dHOiBE8ByOhJIrdAu2', '0', '0', '127.0.0.1', '2025-04-17 15:06:44', 'admin', '2024-04-28 16:32:45', '', '2025-04-17 15:06:43', '管理员');
INSERT INTO `sys_user` VALUES (2, 105, 'ry', '广咨', '00', 'ry@qq.com', '15666666666', '1', '', '$2a$10$7JB720yubVSZvUI0rEqK/.VqGOZTH.ulu33dHOiBE8ByOhJIrdAu2', '0', '0', '127.0.0.1', '2024-04-28 16:32:45', 'admin', '2024-04-28 16:32:45', 'admin', '2024-05-13 16:31:47', '测试员');
INSERT INTO `sys_user` VALUES (3, NULL, '11', '11', '00', '', '', '0', '', '$2a$10$VGqH5oEzXhJErFtUNshPROvpMe6OMihdbNY0N8manWl9VgfIILmVG', '0', '2', '', NULL, 'admin', '2025-04-08 11:54:56', '', NULL, NULL);
INSERT INTO `sys_user` VALUES (4, NULL, '11', '11', '00', '', '', '0', '', '$2a$10$Pnii7wTOOX9TyEd9C3OhBuCSKd3KN0ILY5EdxHY34ail63DlOSGNO', '0', '2', '', NULL, 'admin', '2025-04-09 19:37:57', '', NULL, NULL);
INSERT INTO `sys_user` VALUES (5, NULL, '11', '11', '00', '', '', '0', '', '$2a$10$Os2anpyXEjFxMDhtVHsWTuYV55RI87.9Dy.PkH5HalFNummIQo29y', '0', '2', '', NULL, 'admin', '2025-04-10 17:10:22', '', NULL, NULL);
INSERT INTO `sys_user` VALUES (6, NULL, '11', '11', '00', '', '', '0', '', '$2a$10$aQDaNZljsy8DNr/MRE326uA8DNqAX1NkQAVVl0t3ypKQoFD.Po8BG', '0', '2', '', NULL, 'admin', '2025-04-11 16:37:38', '', NULL, NULL);
COMMIT;

-- ----------------------------
-- Table structure for sys_user_post
-- ----------------------------
DROP TABLE IF EXISTS `sys_user_post`;
CREATE TABLE `sys_user_post` (
  `user_id` bigint NOT NULL COMMENT '用户ID',
  `post_id` bigint NOT NULL COMMENT '岗位ID',
  PRIMARY KEY (`user_id`,`post_id`) USING BTREE
) ENGINE=InnoDB DEFAULT CHARSET=utf8mb4 COLLATE=utf8mb4_general_ci COMMENT='用户与岗位关联表';

-- ----------------------------
-- Records of sys_user_post
-- ----------------------------
BEGIN;
INSERT INTO `sys_user_post` VALUES (1, 1);
INSERT INTO `sys_user_post` VALUES (2, 2);
COMMIT;

-- ----------------------------
-- Table structure for sys_user_role
-- ----------------------------
DROP TABLE IF EXISTS `sys_user_role`;
CREATE TABLE `sys_user_role` (
  `user_id` bigint NOT NULL COMMENT '用户ID',
  `role_id` bigint NOT NULL COMMENT '角色ID',
  PRIMARY KEY (`user_id`,`role_id`) USING BTREE
) ENGINE=InnoDB DEFAULT CHARSET=utf8mb4 COLLATE=utf8mb4_general_ci COMMENT='用户和角色关联表';

-- ----------------------------
-- Records of sys_user_role
-- ----------------------------
BEGIN;
INSERT INTO `sys_user_role` VALUES (1, 1);
INSERT INTO `sys_user_role` VALUES (2, 2);
COMMIT;

SET FOREIGN_KEY_CHECKS = 1;
